customer_id,customer_name,email,region,signup_date
1,Allison Hill,raymond43@example.org,South,2023-10-14 13:42:26.693386
2,Noah Rhodes,fitzgeraldvictor@example.com,Central,2022-07-30 08:56:45.210420
3,Angie Henderson,greenjorge@example.com,West,2022-10-20 04:25:29.458917
4,Daniel Wagner,wendymitchell@example.com,East,2023-08-31 17:50:37.274549
5,Cristian Santos,davidfarrell@example.com,North,2022-11-05 06:06:29.579158
6,Connie Lawrence,rachelwallace@example.org,North,2023-11-04 00:34:37.755511
7,Abigail Shaffer,elizabeth18@example.net,North,2022-11-16 22:36:18.757515
8,Gina Moore,patricia22@example.com,Central,2022-12-16 03:50:51.703406
9,Gabrielle Davis,davidharris@example.org,East,2023-08-25 21:35:42.685370
10,Ryan Munoz,kristyjohnson@example.net,West,2023-08-02 12:36:04.328657
11,Monica Herrera,tanner82@example.net,North,2022-03-07 17:47:44.128256
12,Jamie Arnold,jonesraymond@example.net,Central,2022-02-19 16:06:44.008016
13,Lisa Hensley,xfox@example.com,West,2023-01-04 03:39:19.118236
14,Michele Williams,martinezlogan@example.org,North,2023-07-23 07:09:58.797595
15,Dylan Miller,howens@example.com,North,2022-04-29 08:01:55.430861
16,Brian Ramirez,nataliedeleon@example.net,North,2023-06-25 12:59:09.498997
17,Holly Wood,katrinaanderson@example.net,South,2023-01-08 12:50:30.060120
18,Derek Zuniga,guerraapril@example.com,East,2022-10-14 08:10:34.869739
19,Lisa Jackson,fernandodonovan@example.org,South,2023-03-18 04:45:41.482965
20,Carla Gray,stacey84@example.org,South,2023-08-20 01:20:48.096192
21,Margaret Hawkins DDS,james84@example.org,East,2023-10-18 22:53:37.635270
22,Patty Perez,christina18@example.net,North,2022-01-14 03:33:32.825651
23,Ethan Adams,brittanycarpenter@example.org,South,2023-03-31 08:19:14.308617
24,Tommy Walter,megan90@example.org,South,2023-02-21 08:42:19.478957
25,Matthew Foster,williamsdarlene@example.net,East,2022-12-19 01:58:18.997995
26,Judy Baker,debra96@example.net,West,2023-01-01 05:31:51.823647
27,Justin Baker,jimenezcourtney@example.com,North,2023-06-16 18:36:47.615230
28,Stephanie Ross,timothy64@example.com,East,2022-01-06 20:14:54.589178
29,Zachary Hicks,barkereric@example.com,East,2022-06-22 09:19:50.380761
30,Anthony Rodriguez,vmarshall@example.net,North,2023-02-25 17:53:30.420841
31,Rebecca Henderson,larryhiggins@example.net,East,2023-06-29 22:10:20.440881
32,James Ferrell,theresa25@example.net,North,2022-04-04 11:58:33.426853
33,Tricia Valencia,floressteven@example.com,North,2022-07-31 20:00:28.857715
34,Nathan Maldonado,gwright@example.org,Central,2022-11-22 18:51:13.346693
35,Debra Davidson,sonia96@example.org,Central,2022-12-14 16:47:08.056112
36,Jeffrey Chavez,lisapeck@example.net,West,2022-09-15 02:56:01.923847
37,Sherri Baker,james27@example.net,South,2023-01-24 14:31:30.180360
38,Cassandra Gaines,tjimenez@example.com,North,2023-05-12 17:07:20.080160
39,Elizabeth Fowler,davisphillip@example.com,West,2023-02-15 12:27:24.889779
40,Brittany Farmer,jasongomez@example.org,South,2022-04-01 13:51:06.132264
41,Paula Moreno,troy74@example.net,North,2022-11-12 13:25:07.815631
42,Fred Smith,booneryan@example.com,East,2023-05-14 04:11:03.727454
43,Sherry Decker,kathryn50@example.com,North,2023-04-04 17:30:25.250501
44,Anthony Humphrey,hudsonjames@example.net,Central,2023-02-16 23:31:08.537074
45,Angelica Tucker,charles87@example.net,South,2022-09-15 02:56:01.923847
46,Philip Cannon,marcia99@example.org,West,2023-11-04 00:34:37.755511
47,John Pierce,theresalong@example.com,South,2023-08-31 17:50:37.274549
48,Shane Henderson,kari39@example.net,East,2022-05-22 17:01:33.787575
49,Joshua Blair,cporter@example.org,East,2022-06-01 22:27:39.318637
50,Eric Carney,jenniferbrock@example.net,North,2022-05-24 04:05:17.434869
51,Jessica Holmes,ghernandez@example.org,Central,2023-07-15 23:51:20.561122
52,Danny Morgan,sarah52@example.com,West,2023-08-14 05:05:53.507014
53,Crystal Robinson,brittney88@example.net,Central,2023-12-25 03:45:05.410821
54,Mark Perez,terickson@example.com,Central,2023-03-29 21:15:30.661322
55,Shannon Jones,richardsonemily@example.com,East,2022-01-08 07:18:38.236472
56,Michael Lewis,laura09@example.com,Central,2023-11-25 22:30:32.464929
57,Timothy Duncan,tammy99@example.org,North,2023-11-09 20:49:32.344689
58,Richard Aguirre,silvageorge@example.net,North,2022-10-14 08:10:34.869739
59,Brent Jordan,rhernandez@example.org,North,2023-05-27 07:44:36.553106
60,John Daniel,armstrongjackie@example.org,South,2022-07-12 20:12:01.442885
61,Victoria Garcia,alexanderrobert@example.com,South,2023-06-06 13:10:42.084168
62,Gerald Hensley,roberthampton@example.com,South,2023-01-12 22:01:41.002004
63,Connor West,thorntonapril@example.net,West,2023-09-29 23:05:10.220440
64,Donald Wright,whitney78@example.com,South,2022-02-02 03:22:00.240480
65,Jessica Callahan,sue78@example.com,South,2023-12-09 02:04:05.290581
66,Amber Kidd,erica49@example.com,East,2022-03-17 23:13:49.659318
67,Tracy House,susanramirez@example.com,North,2022-08-28 14:11:18.156312
68,Carol Tucker,shellyhendrix@example.com,West,2022-10-21 15:29:13.106212
69,James Brown,hannahburns@example.com,North,2023-10-30 15:23:26.813627
70,William Baker,ann44@example.org,Central,2022-04-30 19:05:39.078156
71,Jordan Henderson,zhuang@example.com,West,2022-07-30 08:56:45.210420
72,Whitney Peters,kellyroberts@example.net,North,2022-05-03 17:13:06.372745
73,Brittney Phillips,reedscott@example.com,North,2022-04-23 11:47:00.841683
74,Lauren Daniels,ilewis@example.com,West,2023-10-29 04:19:43.166332
75,Amy Silva,derrick99@example.org,West,2023-06-18 05:40:31.262525
76,Sarah Moore,brentstein@example.org,West,2022-01-01 00:00:00.000000
77,Angela Lopez,briangutierrez@example.net,West,2022-03-15 01:06:22.364729
78,Megan Young,xgarcia@example.org,North,2022-09-09 06:41:07.334669
79,Steve Sanchez,oconnelltiffany@example.org,South,2022-10-26 00:40:24.048096
80,Lisa Barnes,edelgado@example.com,North,2023-01-14 09:05:24.649298
81,Kelly Donovan,katelynmitchell@example.com,Central,2023-10-13 02:38:43.046092
82,Mike Allen,velezchristopher@example.net,East,2023-10-17 11:49:53.987975
83,Michael Evans,amandasharp@example.org,South,2023-06-22 14:51:42.204408
84,Paul Jones,robertmonroe@example.org,North,2023-12-13 11:15:16.232464
85,Zachary Ferrell,lfrench@example.net,South,2023-02-24 06:49:46.773547
86,Daniel Baker,nancy04@example.net,South,2022-02-18 05:03:00.360721
87,Shirley Suarez,hebertmatthew@example.com,West,2023-05-22 22:33:25.611222
88,Christopher Bass,ismall@example.net,East,2022-05-18 07:50:22.845691
89,Lisa Archer,znelson@example.org,Central,2022-04-14 17:24:38.957915
90,Aimee Montoya,francisco74@example.net,East,2022-02-25 12:21:38.597194
91,Matthew Mcmillan,alexisrogers@example.com,North,2022-08-12 12:30:18.036072
92,Brian Rodriguez,gregorychase@example.com,West,2022-12-30 18:28:08.176352
93,Denise Jacobs,frobertson@example.com,West,2022-08-24 05:00:07.214428
94,Christina Walters,lopezdonald@example.com,East,2023-10-01 10:08:53.867735
95,John Whitehead,adamreyes@example.com,West,2022-06-20 22:16:06.733466
96,Anna Henderson,stephanie49@example.net,East,2023-01-12 22:01:41.002004
97,Aaron Wise,greenmichael@example.org,East,2023-07-07 05:28:58.677354
98,Deborah Figueroa,contrerassteven@example.org,South,2023-03-22 13:56:52.424849
99,Jessica Smith,tparks@example.com,North,2023-01-26 01:35:13.827655
100,Stephen Mckee,fowlershelia@example.com,North,2023-10-17 11:49:53.987975
101,Sandra Aguilar,jeffreyanderson@example.org,North,2022-03-19 10:17:33.306613
102,Cameron Parker,madkins@example.com,East,2022-12-10 07:35:57.114228
103,Rebecca Valencia,emiles@example.net,South,2023-07-21 20:06:15.150300
104,Christine Wright,kathleenbecker@example.net,East,2023-11-28 20:37:59.759519
105,Richard Henson,foxallison@example.com,Central,2022-11-19 20:43:46.052104
106,Marc Moore,starkdaniel@example.net,North,2023-01-01 05:31:51.823647
107,Sharon Cherry,ashleyhernandez@example.com,South,2023-04-01 19:22:57.955911
108,Sierra Johnson,nwilson@example.net,West,2023-08-08 08:50:58.917835
109,Evelyn Galvan,gdavis@example.com,North,2022-06-12 03:53:44.849699
110,Sharon Cochran,chavezwilliam@example.com,North,2023-01-07 01:46:46.412825
111,Richard Rodriguez,hansenemily@example.com,South,2023-03-18 04:45:41.482965
112,Shannon Walker,fosterlisa@example.net,North,2023-08-17 03:13:20.801603
113,Julia Torres,bethwilliams@example.com,Central,2022-10-28 22:47:51.342685
114,Crystal Johnson,weaverbrian@example.org,West,2022-11-30 02:09:51.583166
115,Garrett Lin,ajohnson@example.org,East,2023-05-12 17:07:20.080160
116,Diana May,katiegood@example.net,Central,2023-08-03 23:39:47.975951
117,William Herrera,ybrooks@example.com,West,2022-04-05 23:02:17.074148
118,Ashley Waller,rbennett@example.net,North,2022-04-19 02:35:49.899799
119,Victor Baker,desireebailey@example.org,Central,2023-09-27 00:57:42.925851
120,Jeffrey Chandler,urice@example.org,East,2022-05-30 00:20:12.024048
121,Larry Dixon,avilatiffany@example.com,West,2023-09-08 01:09:15.511022
122,Kenneth Scott,opatel@example.org,Central,2022-10-07 00:51:56.633266
123,April Frost,rreed@example.org,South,2023-01-02 16:35:35.470941
124,Michelle Harmon,johnsondonna@example.net,North,2022-11-25 16:58:40.641282
125,Helen Jones,allencarlos@example.net,North,2023-03-05 01:12:08.657314
126,Erin Edwards,griffinemily@example.org,South,2023-03-22 13:56:52.424849
127,Michelle Evans,joymorales@example.org,West,2022-05-22 17:01:33.787575
128,Jason Powell,karenparsons@example.org,Central,2023-05-08 07:56:09.138276
129,Cameron Fisher,jim95@example.net,North,2023-02-21 08:42:19.478957
130,Megan Orr,joel28@example.org,East,2023-05-03 22:44:58.196392
131,Elizabeth Kelley,dturner@example.net,South,2023-05-21 11:29:41.963927
132,Dustin Jordan,conniesimmons@example.com,North,2023-09-27 00:57:42.925851
133,Mary Marshall,comptonshelly@example.net,North,2023-10-14 13:42:26.693386
134,Daniel Kennedy,ufloyd@example.net,South,2023-12-04 16:52:54.348697
135,Rebecca Jackson,trussell@example.com,Central,2023-03-25 12:04:19.719438
136,Jose Schultz,karenwells@example.org,South,2022-12-29 07:24:24.529058
137,Robert Potter,meredith27@example.org,East,2022-08-30 01:15:01.803607
138,Courtney Gonzalez,jfaulkner@example.net,West,2023-12-03 05:49:10.701402
139,David Alvarez,paulscott@example.com,South,2023-11-20 02:15:37.875751
140,Angel Perry,nielsenmelanie@example.org,Central,2023-05-03 22:44:58.196392
141,Cheyenne Horton,brettbennett@example.net,Central,2022-02-12 08:48:05.771543
142,David Douglas Jr.,russojacob@example.net,South,2022-12-26 09:16:57.234468
143,Patricia Rodriguez,timothybooth@example.com,East,2022-06-03 09:31:22.965931
144,Christopher Rubio,susan03@example.org,South,2022-03-15 01:06:22.364729
145,Amber Wright,burgesskaren@example.org,South,2022-04-27 20:58:11.783567
146,Joyce Solis,randyallen@example.com,North,2022-07-12 20:12:01.442885
147,Victoria Larson,oscar85@example.com,East,2023-02-19 21:38:35.831663
148,Stephanie Salazar,michael77@example.org,East,2023-07-20 09:02:31.503006
149,Kathy Rivas,ugill@example.org,North,2022-07-20 03:30:39.679358
150,Stephanie Manning,lawrence09@example.org,South,2022-09-25 08:22:07.454909
151,David Wright,allentran@example.net,Central,2023-08-08 08:50:58.917835
152,Pamela Boyd,mphillips@example.com,North,2023-04-26 15:26:19.959919
153,Denise Jones,noahwhitaker@example.com,North,2023-02-02 08:53:52.064128
154,Devon Flores,jonathan77@example.com,East,2023-05-11 06:03:36.432865
155,Brenda Hall,jessicabell@example.org,Central,2023-11-20 02:15:37.875751
156,Michelle Brown,iwhite@example.net,North,2022-04-10 08:13:28.016032
157,Joshua Perry,warrenmary@example.org,West,2022-02-18 05:03:00.360721
158,Jason Stein,duranrobert@example.net,West,2023-01-17 07:12:51.943887
159,Melissa Gates,carloshernandez@example.org,North,2022-03-17 23:13:49.659318
160,Jamie Smith,nbrooks@example.net,West,2023-10-18 22:53:37.635270
161,Paul Castaneda,bhopkins@example.org,South,2022-10-26 00:40:24.048096
162,Jennifer Adkins,hsmith@example.net,East,2022-07-02 14:45:55.911823
163,Lindsey Walker,amanda40@example.net,East,2022-12-08 20:32:13.466933
164,Jeffrey Johnson,ldrake@example.org,East,2022-03-03 08:36:33.186372
165,Michael Powell,warrenjohn@example.net,North,2022-12-16 03:50:51.703406
166,John Anderson,lisa46@example.org,West,2023-11-01 02:27:10.460921
167,Alyssa Long,susan79@example.org,South,2023-06-25 12:59:09.498997
168,Alyssa Day,kevinclayton@example.org,North,2022-06-10 16:50:01.202404
169,Joel Williams,davisnicholas@example.net,North,2022-12-29 07:24:24.529058
170,Daniel Murphy,abrown@example.net,East,2022-08-08 03:19:07.094188
171,Jamie Walton,christopherbruce@example.net,West,2022-09-23 21:18:23.807615
172,Darlene Miller,ariel18@example.org,North,2023-05-05 09:48:41.843687
173,Joshua Cooke,jasonparrish@example.net,East,2022-05-18 07:50:22.845691
174,Matthew Harrington,enelson@example.net,North,2023-11-01 02:27:10.460921
175,Nicole Herring,rachel90@example.org,East,2023-06-29 22:10:20.440881
176,Alex Hernandez,alexis39@example.org,North,2023-08-06 21:47:15.270541
177,Michael Elliott,thickman@example.org,West,2022-01-11 05:26:05.531062
178,Michael Wang,ashleyatkinson@example.net,South,2023-07-20 09:02:31.503006
179,Lawrence Adkins,patrick21@example.net,Central,2023-06-09 11:18:09.378757
180,Robert Oconnell,brian63@example.org,North,2023-07-20 09:02:31.503006
181,Alexander Collins,cassie99@example.com,South,2022-09-25 08:22:07.454909
182,Tina Sanders,anthony47@example.com,North,2023-02-14 01:23:41.242484
183,Angela Vaughn,michaelpugh@example.com,Central,2022-10-11 10:03:07.575150
184,Ashley Barton,eringuerrero@example.org,Central,2023-05-28 18:48:20.200400
185,Lindsay Martinez,lauren11@example.com,South,2022-10-11 10:03:07.575150
186,Dr. Hannah Patterson,normanbowers@example.org,West,2022-08-13 23:34:01.683366
187,Jonathan Peterson,gstewart@example.org,West,2022-05-15 09:42:55.551102
188,Samantha Garcia,hahnsean@example.com,East,2022-08-21 06:52:39.919839
189,Madison Poole,andersonjacob@example.com,East,2023-09-25 13:53:59.278557
190,Jessica Gross,fgarcia@example.com,North,2022-03-29 15:43:38.837675
191,Debra Morton,carlsonkristen@example.com,North,2022-06-26 18:31:01.322645
192,Karen Graham,carterpaul@example.org,Central,2022-03-15 01:06:22.364729
193,Debra Christian,ashleyjackson@example.com,Central,2023-08-11 06:58:26.212424
194,Angelica Keith,dominicturner@example.com,East,2023-02-08 05:08:46.653306
195,John Bishop,bryanhamilton@example.com,South,2022-01-06 20:14:54.589178
196,Allen Rosales,todd15@example.com,South,2023-11-11 07:53:15.991983
197,Daniel Salinas,jennifersimpson@example.net,West,2022-05-13 22:39:11.903807
198,Spencer Haynes,stephentaylor@example.org,Central,2022-09-04 21:29:56.392785
199,Adam Vaughan,ncook@example.com,Central,2023-04-07 15:37:52.545090
200,Nathan Freeman,scott69@example.org,West,2022-01-31 16:18:16.593186
201,Melissa Brewer,malik37@example.com,East,2023-08-14 05:05:53.507014
202,Ricky Davis II,tamaranovak@example.com,North,2023-04-20 19:11:25.370741
203,Elizabeth Perkins,yfaulkner@example.org,North,2022-01-01 00:00:00.000000
204,Joseph Coleman,nicholas65@example.org,Central,2022-07-12 20:12:01.442885
205,Erin Warner,brittanygardner@example.net,East,2022-12-05 22:24:46.172344
206,David Martinez,bentonsteven@example.net,North,2022-01-17 01:41:00.120240
207,Bryan Herrera,samuelcarter@example.net,North,2023-05-20 00:25:58.316633
208,Cathy Robinson,fuenteslaura@example.com,West,2022-03-07 17:47:44.128256
209,Dr. William Warren,ttaylor@example.org,North,2022-02-18 05:03:00.360721
210,Brian Lee,donna66@example.org,North,2023-09-24 02:50:15.631262
211,Christopher Smith,eewing@example.net,East,2022-04-23 11:47:00.841683
212,Denise Mccann,sferguson@example.com,West,2022-11-14 00:28:51.462925
213,Melissa Martinez,gibbsmichael@example.net,West,2023-03-15 06:38:14.188376
214,Katherine Salas,rodriguezjohn@example.net,North,2023-08-22 23:28:15.390781
215,Julie Alexander,gabriel90@example.net,West,2022-04-16 04:28:22.605210
216,Anthony Everett,vrasmussen@example.com,North,2023-02-15 12:27:24.889779
217,Rodney Morales,smithjonathan@example.net,South,2022-12-29 07:24:24.529058
218,Mark Brown,seanmyers@example.net,West,2022-03-09 04:51:27.775551
219,Justin Torres,michaeljohnson@example.org,East,2022-06-25 07:27:17.675350
220,Bailey Duran DDS,robert11@example.net,West,2022-11-08 04:13:56.873747
221,Courtney Mills,michaelcooper@example.org,West,2022-12-14 16:47:08.056112
222,Jeremy Dalton,gbailey@example.com,East,2022-03-22 08:25:00.601202
223,Elizabeth Oliver DDS,tflores@example.org,North,2023-05-25 20:40:52.905811
224,Theresa Clark,johnsonmatthew@example.org,South,2022-06-04 20:35:06.613226
225,Matthew Moore,sarahyang@example.net,South,2023-04-10 13:45:19.839679
226,Benjamin Smith,andrearivera@example.com,North,2022-03-10 15:55:11.422845
227,Kirk Carter,zhall@example.net,Central,2022-03-29 15:43:38.837675
228,Michael Warner,jacobsandoval@example.com,South,2023-05-06 20:52:25.490981
229,Michael Bradshaw,mclaughlinnicole@example.com,Central,2022-02-06 12:33:11.182364
230,Lori Guerrero,tprice@example.org,East,2023-03-02 03:04:41.362725
231,Jessica Stephens,joshuapadilla@example.org,West,2023-01-09 23:54:13.707414
232,Susan Serrano,lloydamanda@example.com,East,2022-01-11 05:26:05.531062
233,Christopher Parker,james14@example.net,East,2022-06-13 14:57:28.496993
234,Laura Roberts,orose@example.com,East,2023-06-02 03:59:31.142284
235,Michael Lyons,lcarr@example.org,North,2023-01-04 03:39:19.118236
236,Kathryn Snyder,michael79@example.org,West,2022-09-19 12:07:12.865731
237,Andrew Reynolds,samantha91@example.net,South,2022-10-28 22:47:51.342685
238,David Davis,lawrenceallen@example.org,North,2023-03-18 04:45:41.482965
239,Sara Johnston,nathanielthomas@example.com,East,2022-07-04 01:49:39.559118
240,Yvonne Chambers,kcarlson@example.com,North,2022-03-22 08:25:00.601202
241,Andrew Avila,olopez@example.net,Central,2022-11-08 04:13:56.873747
242,Matthew Moon,angelaburns@example.org,Central,2022-01-19 23:48:27.414829
243,Kevin Walters,leonardhayes@example.org,Central,2023-11-23 00:23:05.170340
244,Brandon Bailey MD,stephanie72@example.org,South,2022-02-09 10:40:38.476953
245,Shannon Rivera,gmaynard@example.net,North,2023-11-18 15:11:54.228456
246,Donna Landry,fortiz@example.com,Central,2022-04-23 11:47:00.841683
247,Krista Gibson,fburns@example.net,South,2022-11-11 02:21:24.168336
248,Frank Cordova,flynnjeffrey@example.org,Central,2023-07-17 10:55:04.208416
249,Jose Travis,jeffrey42@example.com,Central,2023-06-16 18:36:47.615230
250,Kimberly Gutierrez,hdunn@example.net,Central,2022-08-12 12:30:18.036072
251,Isaiah Avila,adamsamy@example.com,South,2022-01-19 23:48:27.414829
252,Olivia Harris,wolfscott@example.org,South,2022-09-29 17:33:18.396793
253,Tanya Kim,pgarcia@example.org,Central,2023-03-31 08:19:14.308617
254,Barbara Dudley,nancy07@example.com,South,2023-06-25 12:59:09.498997
255,Cynthia Moore,michelle17@example.org,North,2022-01-09 18:22:21.883767
256,Kristen Davis,jasonrojas@example.net,East,2022-01-03 22:07:27.294589
257,Susan Murray MD,michelle96@example.org,Central,2022-06-10 16:50:01.202404
258,Kathleen Moran,kristenli@example.org,West,2023-08-17 03:13:20.801603
259,Denise Davenport,amanda98@example.org,East,2022-12-13 05:43:24.408817
260,Mrs. Kristen Reyes,tiffany44@example.net,North,2023-06-13 20:29:20.320641
261,Katie Suarez,stephanie81@example.org,East,2022-12-14 16:47:08.056112
262,Desiree Tyler,rsellers@example.net,Central,2023-12-20 18:33:54.468937
263,Timothy Romero,jacquelineanderson@example.org,North,2023-02-03 19:57:35.711422
264,Diane Evans,maria67@example.org,East,2023-03-05 01:12:08.657314
265,Yvonne Burns,courtney67@example.org,Central,2022-11-27 04:02:24.288577
266,Joshua Reed,powellkara@example.net,West,2023-06-25 12:59:09.498997
267,Kimberly Gibson,shawn75@example.net,West,2022-01-21 10:52:11.062124
268,Colin Terry,meltonmelanie@example.org,West,2022-10-07 00:51:56.633266
269,Cynthia Rowe,sreid@example.com,South,2023-11-21 13:19:21.523046
270,Patrick Thornton,flynnraymond@example.com,South,2022-06-22 09:19:50.380761
271,Jasmin Alvarado,troymorris@example.com,West,2023-12-09 02:04:05.290581
272,Veronica Simpson,amy29@example.com,West,2022-02-09 10:40:38.476953
273,Jonathan Lawrence,patricia00@example.org,Central,2022-10-21 15:29:13.106212
274,Shelly Alexander,ksmith@example.com,Central,2022-02-25 12:21:38.597194
275,Joyce Bowen,bsmith@example.org,East,2023-10-05 19:20:04.809619
276,Matthew Moore,nicoleturner@example.com,East,2023-02-02 08:53:52.064128
277,Wayne Morgan,penajohn@example.com,West,2022-12-03 00:17:18.877755
278,Marie Christian,brettgarrett@example.net,East,2022-05-05 04:16:50.020040
279,Shannon James,rubendavis@example.org,West,2023-11-23 00:23:05.170340
280,Nathan Malone,lewischristian@example.net,West,2022-07-02 14:45:55.911823
281,Amanda Jones,aprilwallace@example.org,Central,2023-03-13 19:34:30.541082
282,Tammie Bright,lisa62@example.com,South,2022-02-05 01:29:27.535070
283,Jessica Garcia,perezchristopher@example.org,South,2022-07-30 08:56:45.210420
284,Shelia Wallace,edwardsnicole@example.org,North,2022-01-18 12:44:43.767535
285,Stephanie Williams,wayala@example.org,East,2022-11-05 06:06:29.579158
286,Elaine Brooks,caseyelliott@example.net,North,2022-02-05 01:29:27.535070
287,Joseph Knight,scottbowen@example.net,East,2022-04-08 21:09:44.368737
288,Carolyn Miller,samanthajensen@example.com,East,2023-07-29 03:24:53.386773
289,Lisa Allen,christophergarcia@example.org,South,2022-04-07 10:06:00.721442
290,Briana Murray,bbell@example.com,East,2022-12-05 22:24:46.172344
291,David Smith,johnnewman@example.org,North,2022-06-07 18:42:33.907815
292,Stephanie Byrd,kimberly04@example.org,North,2022-07-31 20:00:28.857715
293,Jeremy Reed,juliephillips@example.org,West,2022-06-10 16:50:01.202404
294,Margaret Coleman,troyrodriguez@example.com,South,2022-11-28 15:06:07.935871
295,Ryan Gonzalez,ricetiffany@example.com,North,2022-06-10 16:50:01.202404
296,John Young,david96@example.com,East,2023-11-17 04:08:10.581162
297,Laura Haney,kathrynbest@example.org,West,2022-02-18 05:03:00.360721
298,William Barrett,matthewsalexander@example.org,North,2022-06-10 16:50:01.202404
299,Keith Jennings,livingstonstacy@example.com,East,2023-01-20 05:20:19.238476
300,Amber Obrien,courtney86@example.com,North,2023-09-10 23:16:42.805611
301,Tanner Mitchell DDS,imiller@example.net,North,2023-06-22 14:51:42.204408
302,Heather Fields,joshuacollins@example.net,East,2022-12-10 07:35:57.114228
303,Megan Le,terrimoore@example.com,East,2022-04-30 19:05:39.078156
304,Sara Fuller,wwillis@example.net,East,2022-03-01 21:32:49.539078
305,Maria Parker,collinssamuel@example.org,West,2023-09-12 10:20:26.452905
306,Kevin Oconnor,sanchezsandy@example.org,Central,2022-05-27 02:12:44.729458
307,Edward Burgess,dsalazar@example.com,East,2022-01-08 07:18:38.236472
308,Carlos Ryan,davidzimmerman@example.net,South,2022-09-19 12:07:12.865731
309,Kiara Mcintyre,martinstephanie@example.net,West,2023-02-15 12:27:24.889779
310,Dawn Summers,gary24@example.net,South,2023-04-12 00:49:03.486973
311,Dr. Paul Morgan,wiseanthony@example.com,South,2022-11-25 16:58:40.641282
312,Victor Taylor,alexandria49@example.net,North,2023-10-08 17:27:32.104208
313,Shannon Ramsey,crawfordwilliam@example.org,North,2023-10-04 08:16:21.162324
314,Tracy Ballard,kvillarreal@example.com,Central,2023-04-04 17:30:25.250501
315,Richard Smith,jonathangarcia@example.net,West,2023-06-16 18:36:47.615230
316,Jordan Chambers,perezwilliam@example.org,West,2023-10-24 19:08:32.224448
317,Lauren Carson,sanchezthomas@example.com,South,2022-11-30 02:09:51.583166
318,Ashley Hall,haroldhorne@example.org,North,2023-07-04 07:21:31.382765
319,Stephen Hoffman,pwalker@example.com,North,2023-02-25 17:53:30.420841
320,Connie Brown,joseph19@example.com,South,2023-09-29 23:05:10.220440
321,Susan Turner,shawrachel@example.org,East,2022-08-06 16:15:23.446893
322,Charles Shah,lindajarvis@example.com,West,2023-02-08 05:08:46.653306
323,Johnathan Davis,wileymichelle@example.com,West,2022-10-15 19:14:18.517034
324,Brandy Chavez,christopher70@example.com,South,2022-04-11 19:17:11.663326
325,Natalie Bautista,kellymueller@example.net,Central,2022-06-12 03:53:44.849699
326,Patrick Moore,stevenvargas@example.com,West,2022-01-05 09:11:10.941883
327,Brett Burns,jessicapayne@example.org,East,2023-05-25 20:40:52.905811
328,Trevor Johnson,adamortiz@example.org,East,2023-04-28 02:30:03.607214
329,Jeremy Sampson,cynthia05@example.org,South,2023-10-13 02:38:43.046092
330,Ariana Jennings,usweeney@example.com,North,2023-04-09 02:41:36.192384
331,Vanessa Howard,harristonya@example.com,South,2023-05-25 20:40:52.905811
332,Colton Martinez,jwoodward@example.net,West,2022-05-18 07:50:22.845691
333,Jordan Bates,christopher38@example.com,North,2022-08-09 14:22:50.741482
334,Linda Smith,stephen19@example.org,North,2023-03-29 21:15:30.661322
335,Dana Martinez,danafoster@example.net,North,2022-07-18 16:26:56.032064
336,Andrea Hubbard,grahamtamara@example.org,North,2022-12-26 09:16:57.234468
337,Daniel Kane,jose56@example.net,Central,2023-07-18 21:58:47.855711
338,Charles Lester,louis43@example.org,West,2022-12-20 13:02:02.645290
339,Scott Thomas,derekcarrillo@example.org,East,2022-02-13 19:51:49.418837
340,David Thompson,danielcole@example.com,North,2022-02-26 23:25:22.244488
341,Allison Smith,wmartinez@example.org,East,2022-11-30 02:09:51.583166
342,Cynthia Morris,qparker@example.org,East,2022-02-21 03:10:27.655310
343,Anthony Harmon,mooregina@example.net,North,2023-08-18 14:17:04.448897
344,Nichole Alvarez,lewismelissa@example.org,South,2022-11-21 07:47:29.699398
345,Kayla Rodriguez,dawsontanya@example.com,South,2022-01-08 07:18:38.236472
346,Theresa Williams,byrdjorge@example.org,East,2023-04-14 22:56:30.781563
347,Sharon Boyd,cranemelissa@example.net,East,2023-11-14 06:00:43.286573
348,Victor Brown,codygarcia@example.org,North,2022-11-16 22:36:18.757515
349,James Parks,smithmaria@example.org,South,2022-04-19 02:35:49.899799
350,Theodore Jones Jr.,jamesmorales@example.net,East,2022-01-05 09:11:10.941883
351,Ana Hill,aguilarjonathan@example.org,East,2023-05-03 22:44:58.196392
352,Kimberly Nguyen,osbornjames@example.net,Central,2022-07-14 07:15:45.090180
353,Kerry Chavez DDS,flamb@example.com,West,2022-06-20 22:16:06.733466
354,Michael Farrell,williamssteven@example.org,North,2023-06-22 14:51:42.204408
355,Patricia Le,zunderwood@example.com,North,2022-05-16 20:46:39.198396
356,Jesse Perez,reyesronald@example.com,East,2023-12-10 13:07:48.937875
357,Jesse Perry,rebekahhill@example.com,North,2023-09-27 00:57:42.925851
358,Jeffery Ortega,austinharvey@example.org,East,2022-03-31 02:47:22.484969
359,Christian Leblanc,victor87@example.org,Central,2023-10-05 19:20:04.809619
360,Ronald Davis,ramirezderrick@example.org,East,2022-10-09 22:59:23.927855
361,Parker Cain,crystalpham@example.org,South,2023-05-03 22:44:58.196392
362,Laurie Hoffman,wcasey@example.com,East,2022-10-23 02:32:56.753507
363,Bryan Gomez,kcooper@example.net,East,2023-07-26 05:17:26.092184
364,Nicole Parrish,paul20@example.com,East,2022-02-06 12:33:11.182364
365,Tracy Burke,anthonycochran@example.com,Central,2023-09-27 00:57:42.925851
366,Kenneth Lewis,stokesthomas@example.com,South,2022-09-09 06:41:07.334669
367,Courtney Rodriguez,terrigarcia@example.net,Central,2023-03-13 19:34:30.541082
368,Holly Farmer,josephvelasquez@example.net,Central,2022-07-12 20:12:01.442885
369,Renee Bruce,gallagherstacie@example.net,North,2023-04-20 19:11:25.370741
370,Sabrina Austin,lkelly@example.org,North,2023-08-21 12:24:31.743486
371,Allison Hickman,brittanydrake@example.net,North,2022-06-20 22:16:06.733466
372,Debra White,robin05@example.net,North,2023-04-17 21:03:58.076152
373,Ellen Morgan,annalopez@example.com,North,2023-02-05 07:01:19.358717
374,Sergio Knight,gregory01@example.org,West,2022-11-05 06:06:29.579158
375,Charles Schultz,carolynsmith@example.com,North,2022-11-24 05:54:56.993987
376,Paul Lewis,riverachristina@example.org,South,2022-01-28 18:10:49.298597
377,Glen Wood,jennifer50@example.org,West,2022-06-13 14:57:28.496993
378,Paula Bradley,brendastark@example.org,North,2022-07-23 01:38:06.973947
379,Anthony Moore,susan56@example.net,West,2022-03-09 04:51:27.775551
380,Megan Nelson,rogersmarcus@example.org,South,2022-01-01 00:00:00.000000
381,Karla Ramos,fconner@example.net,North,2022-05-11 00:31:44.609218
382,Paul Wilson,grant89@example.com,West,2022-07-25 23:45:34.268537
383,Douglas Gregory,elizabetholsen@example.com,East,2023-04-12 00:49:03.486973
384,Mr. Andrew Foster,jessica42@example.org,Central,2022-02-24 01:17:54.949899
385,Aimee Turner,rushstacy@example.com,West,2023-03-03 14:08:25.010020
386,Chad Scott,whitelucas@example.net,West,2023-07-11 14:40:09.619238
387,Adam Burgess,daniellegarcia@example.com,South,2022-07-21 14:34:23.326653
388,James Padilla,markmiller@example.com,North,2023-06-03 15:03:14.789579
389,Sandra Drake,gary15@example.com,West,2023-05-01 00:37:30.901803
390,Scott Williams,bakerjohn@example.org,West,2023-12-17 20:26:27.174348
391,Thomas Atkins,jonathan10@example.org,Central,2023-01-12 22:01:41.002004
392,Laura Mckinney,akim@example.org,South,2022-08-22 17:56:23.567134
393,Brian Smith,ysnyder@example.com,South,2023-07-23 07:09:58.797595
394,Robert Montgomery,egarcia@example.net,West,2022-09-16 13:59:45.571142
395,Tamara Davis,franciscojones@example.org,South,2022-01-14 03:33:32.825651
396,Dana Chapman,andrew41@example.org,Central,2023-01-15 20:09:08.296593
397,Jennifer Collins,george62@example.net,Central,2023-08-17 03:13:20.801603
398,Gary Jackson,paynerachael@example.org,South,2022-07-20 03:30:39.679358
399,Ashley Hicks,brooke97@example.net,West,2022-09-07 19:37:23.687374
400,Hannah Luna,reynoldsdesiree@example.net,West,2023-07-17 10:55:04.208416
401,Robin Young,gmoore@example.com,North,2022-01-18 12:44:43.767535
402,Craig Morrison,terriortiz@example.net,Central,2022-09-01 23:22:29.098196
403,Mary Thompson,donna43@example.org,East,2022-07-08 11:00:50.501002
404,Kathleen Webster,longandrea@example.com,West,2022-05-02 06:09:22.725450
405,Joann Glass,briansmith@example.org,South,2023-04-13 11:52:47.134268
406,Madison Weber,madison97@example.org,Central,2023-04-10 13:45:19.839679
407,Lori Hernandez,johnsongeorge@example.com,South,2022-05-27 02:12:44.729458
408,Jeremy Turner,wellsdarrell@example.com,North,2023-04-25 04:22:36.312625
409,Anthony Romero,qburns@example.com,Central,2023-02-02 08:53:52.064128
410,Jesse Brown,maypaul@example.com,North,2023-01-21 16:24:02.885771
411,Angela Lin,cwood@example.org,South,2023-11-01 02:27:10.460921
412,Lisa Hunter,scott43@example.com,Central,2023-08-05 10:43:31.623246
413,Julian Conner,hernandezheather@example.org,Central,2023-08-18 14:17:04.448897
414,Joanna Pacheco,barnettlindsey@example.com,East,2022-02-24 01:17:54.949899
415,Erica Alvarez,angelarandall@example.net,East,2023-09-03 15:58:04.569138
416,Antonio Garcia,rsheppard@example.com,South,2022-05-16 20:46:39.198396
417,Gwendolyn Klein,thomasmiller@example.net,South,2022-05-18 07:50:22.845691
418,Carrie Wright,shawrachel@example.net,South,2023-03-21 02:53:08.777555
419,Jeffrey Mills,davidtodd@example.org,West,2022-04-10 08:13:28.016032
420,Jake Campbell,teresastokes@example.org,West,2023-04-09 02:41:36.192384
421,George Harper,hendersonvanessa@example.com,West,2023-10-10 04:31:15.751503
422,Maria Jones,wendyburton@example.net,West,2022-12-10 07:35:57.114228
423,Michael Mitchell,luis11@example.com,North,2023-09-25 13:53:59.278557
424,Mary Escobar,rarnold@example.net,East,2023-05-02 11:41:14.549098
425,Felicia Aguilar,astark@example.net,North,2023-06-28 11:06:36.793587
426,Gregory Ponce,jrodriguez@example.org,East,2023-07-02 20:17:47.735470
427,Jenna Larson,buckleyanna@example.org,South,2023-11-01 02:27:10.460921
428,Emily Bennett,mikayla56@example.com,Central,2022-07-18 16:26:56.032064
429,Robin Santiago,kpena@example.net,South,2023-09-02 04:54:20.921843
430,Nancy Jennings,rjohnson@example.com,North,2022-04-20 13:39:33.547094
431,Maria Henderson,christinebecker@example.com,North,2023-12-06 03:56:37.995991
432,Jack White,fosternatasha@example.net,West,2022-02-19 16:06:44.008016
433,Travis Tucker,brandonalvarez@example.com,East,2022-01-01 00:00:00.000000
434,Chad Jones,andrew44@example.com,North,2023-03-07 23:19:35.951903
435,Ashley Wise,rgarrison@example.org,North,2023-04-12 00:49:03.486973
436,Sophia Johnson,dennismccann@example.com,West,2023-08-15 16:09:37.154308
437,Ralph Anderson,joseph69@example.net,North,2022-03-28 04:39:55.190380
438,Christopher Guerra,lopezjason@example.com,West,2023-04-12 00:49:03.486973
439,Rhonda Martin,xmalone@example.org,West,2023-05-24 09:37:09.258517
440,Jason Rhodes,cameronmckinney@example.com,North,2023-04-23 17:18:52.665330
441,Jeremy Mitchell,kimberlywarren@example.net,North,2023-01-24 14:31:30.180360
442,Joann Ferguson,thompsonnancy@example.org,Central,2023-06-10 22:21:53.026052
443,Robert Harrison,wrightstephen@example.com,South,2022-11-30 02:09:51.583166
444,Holly Valentine,joshuacolon@example.net,South,2023-01-28 23:42:41.122244
445,Mrs. Diane Reyes,hreid@example.net,West,2023-04-06 04:34:08.897795
446,Tracy Montoya,allentracy@example.com,Central,2023-02-21 08:42:19.478957
447,Brenda Wright,susanwells@example.net,Central,2023-02-28 16:00:57.715430
448,Shelly Spencer,max41@example.com,West,2022-11-06 17:10:13.226452
449,Ryan Rosales,hughesfrank@example.net,South,2022-08-28 14:11:18.156312
450,Phillip Nelson,mercedesholland@example.net,North,2022-01-06 20:14:54.589178
451,Brittany Kim,josephortiz@example.org,West,2023-05-09 18:59:52.785571
452,Courtney Hayes,wellsdavid@example.org,East,2023-07-07 05:28:58.677354
453,Alexander Brown,walkercharlene@example.com,South,2022-04-23 11:47:00.841683
454,Cynthia Vang,rodney65@example.com,Central,2023-08-21 12:24:31.743486
455,Alfred Galvan,jeffery48@example.net,North,2022-03-31 02:47:22.484969
456,Marie Moody,asilva@example.net,East,2022-07-11 09:08:17.795591
457,Dustin Gallegos,anna99@example.com,North,2022-05-09 13:28:00.961923
458,Brenda Thornton,gabrielle71@example.com,East,2022-12-11 18:39:40.761523
459,Aaron Miller,danielle44@example.net,North,2022-03-01 21:32:49.539078
460,Ruben Dunn,jacob83@example.org,North,2022-05-09 13:28:00.961923
461,Kelsey Rodriguez,rguerrero@example.org,North,2023-08-09 19:54:42.565130
462,Eric Williams,rioswhitney@example.com,East,2023-03-07 23:19:35.951903
463,Riley Bryant,vsullivan@example.org,West,2023-04-23 17:18:52.665330
464,Taylor Carlson,matthewreeves@example.net,East,2023-03-06 12:15:52.304609
465,Jose Allen,qknox@example.com,Central,2022-05-31 11:23:55.671342
466,Jeffrey Mendez,megan82@example.com,South,2022-01-19 23:48:27.414829
467,Jason Beck,ruizjoyce@example.net,South,2023-02-24 06:49:46.773547
468,William Jones,staceylam@example.net,Central,2022-09-18 01:03:29.218436
469,Katie Mcneil,walkerjeffrey@example.com,North,2022-07-01 03:42:12.264529
470,Jeanette Harrison,vfrench@example.com,Central,2023-09-08 01:09:15.511022
471,Veronica King,brenda71@example.com,North,2023-05-30 05:52:03.847695
472,Richard Cooper,delacruzbrandy@example.net,Central,2022-02-02 03:22:00.240480
473,Lori Ingram,kennedyjames@example.org,North,2022-04-01 13:51:06.132264
474,Evelyn Williams,amoreno@example.org,Central,2022-07-27 10:49:17.915831
475,Robin Thompson,derrickgonzalez@example.com,East,2023-12-03 05:49:10.701402
476,Julie Dominguez,tthomas@example.org,Central,2022-08-11 01:26:34.388777
477,Robin Brown,freemancrystal@example.org,North,2022-07-30 08:56:45.210420
478,Judith Carter,cynthia07@example.com,East,2022-11-24 05:54:56.993987
479,Curtis Williams,kathleenjackson@example.org,Central,2023-12-23 16:41:21.763527
480,Kaylee Hays,xglover@example.org,East,2023-10-18 22:53:37.635270
481,Dawn Mullins,christinaschultz@example.com,East,2023-11-05 11:38:21.402805
482,Howard Norman,ysanford@example.org,West,2023-03-26 23:08:03.366733
483,Evelyn Martinez,fergusonjessica@example.org,East,2022-05-31 11:23:55.671342
484,Steve Paul,katherine83@example.org,East,2022-05-31 11:23:55.671342
485,Jasmine Beltran,simsjohn@example.net,East,2023-09-27 00:57:42.925851
486,Jonathan Glass MD,larry16@example.net,Central,2022-02-25 12:21:38.597194
487,Monica Miller,gary04@example.com,North,2023-09-27 00:57:42.925851
488,Samantha Gardner,mluna@example.net,South,2022-10-15 19:14:18.517034
489,Bobby Guerrero,ryan25@example.com,Central,2022-07-14 07:15:45.090180
490,Lance Simmons,karen26@example.org,Central,2022-04-07 10:06:00.721442
491,Heather Williams,jeffreymercer@example.org,East,2023-07-24 18:13:42.444889
492,Heather Bolton,lawrencegary@example.com,East,2022-09-18 01:03:29.218436
493,William Gould,brooksdanielle@example.net,South,2023-10-27 17:15:59.519038
494,Mark Cox,wheelerbrandon@example.org,North,2022-03-01 21:32:49.539078
495,Meghan Cisneros,williamsdarrell@example.com,East,2023-10-16 00:46:10.340681
496,Lawrence Harrington,qmartinez@example.com,South,2023-12-31 00:00:00.000000
497,Austin Osborne,jamiejennings@example.org,East,2022-01-21 10:52:11.062124
498,James Bradley,robert18@example.com,North,2022-06-10 16:50:01.202404
499,Meghan Rush,robertroach@example.net,Central,2022-08-16 21:41:28.977955
500,Phillip Berry,campbellkristen@example.com,Central,2023-02-25 17:53:30.420841
