annual_income,loan_amount,credit_score,employment_years,dependents,existing_loans,self_employed,education,loan_approved
43079,124816,617,8.0,0,0,0,Graduate,1
124226,436408,613,4.6,1,0,0,Graduate,0
45251,60263,687,7.9,1,2,0,Graduate,1
56197,71970,682,9.7,0,1,0,Graduate,1
143726,266925,773,12.2,2,0,1,Graduate,1
22256,24570,782,27.2,0,0,1,Graduate,1
22761,86807,620,4.8,1,1,0,Graduate,0
33218,44922,674,5.1,0,1,0,Not Graduate,0
41501,34307,590,0.8,1,1,1,Graduate,1
43649,106902,815,0.6,3,1,0,Graduate,1
37970,90433,704,3.3,2,1,0,Graduate,0
26454,71736,769,5.9,0,2,0,Graduate,0
79777,309812,647,1.4,3,0,0,Graduate,0
39065,63762,772,2.0,1,2,0,Graduate,1
88625,155847,747,6.0,0,1,0,Not Graduate,1
29480,49517,795,1.2,1,0,0,Graduate,1
130594,352629,559,3.7,0,0,0,Not Graduate,0
21314,55720,687,3.9,3,1,0,Graduate,1
48667,114407,779,12.4,1,0,0,Graduate,1
29757,52823,596,2.6,1,0,0,Not Graduate,0
49900,99640,727,1.2,0,1,0,Graduate,1
30039,98340,731,1.0,2,1,0,Graduate,0
16770,44144,743,1.7,4,0,0,Graduate,1
33178,99770,710,1.6,3,0,0,Not Graduate,0
108886,159904,736,6.9,0,1,1,Graduate,1
29732,109719,719,4.5,2,2,1,Not Graduate,1
63210,39384,787,5.7,0,0,1,Graduate,1
49161,127077,615,5.0,0,1,0,Graduate,0
39052,130561,711,3.3,1,1,0,Graduate,1
136173,480962,790,13.2,2,1,1,Graduate,0
41887,67792,609,8.5,0,0,0,Graduate,1
53355,112532,618,1.2,1,1,1,Graduate,0
51166,31831,727,2.8,2,0,0,Graduate,1
107743,351691,804,1.7,0,0,0,Graduate,1
23172,21689,668,6.8,1,2,1,Graduate,1
150555,300852,689,2.1,1,0,0,Graduate,1
104791,415793,713,5.1,2,0,1,Graduate,0
59804,221998,636,1.7,2,0,1,Graduate,0
66775,110518,877,0.9,2,0,0,Not Graduate,1
43738,56141,597,0.0,2,1,0,Graduate,1
52841,72969,688,26.1,1,0,0,Graduate,1
60476,175183,690,1.2,1,1,0,Graduate,1
31123,94622,483,8.9,1,0,1,Graduate,0
104789,131795,604,8.6,1,0,0,Graduate,1
54834,73475,558,1.3,3,0,0,Graduate,0
52617,85864,745,2.7,1,3,0,Not Graduate,1
31782,64076,528,9.0,4,2,0,Graduate,0
87981,326509,765,5.9,0,0,0,Not Graduate,0
47908,28399,574,2.3,1,0,0,Graduate,0
37700,103060,767,14.9,0,0,0,Not Graduate,1
28481,100137,554,2.1,1,0,1,Graduate,0
45217,137089,718,1.2,2,0,0,Graduate,1
27314,34377,764,0.8,2,1,0,Graduate,1
58274,126374,732,6.0,0,0,0,Graduate,1
72199,266126,570,0.1,4,1,0,Graduate,0
40275,36449,782,9.3,3,0,0,Graduate,1
55163,218242,729,1.8,3,1,0,Graduate,1
90225,90467,468,2.3,1,1,0,Graduate,0
44962,44893,690,8.1,1,1,1,Graduate,1
46504,155556,900,8.4,0,2,0,Not Graduate,1
49156,167092,780,2.6,1,2,0,Graduate,1
39329,24884,635,4.0,0,1,1,Graduate,1
41117,44779,729,5.7,3,0,1,Not Graduate,1
33377,127495,645,5.8,1,0,0,Graduate,1
60763,89790,771,3.8,0,2,1,Graduate,1
47298,25675,607,9.3,3,1,0,Graduate,1
66132,91868,789,9.2,0,1,1,Graduate,1
81706,251165,763,9.4,3,0,1,Graduate,1
28989,107479,738,1.6,0,1,0,Graduate,1
32261,33650,866,1.5,2,3,0,Graduate,1
69282,89058,771,0.8,1,0,1,Graduate,1
43166,88291,772,8.8,2,1,0,Not Graduate,1
51040,159195,781,0.3,1,0,0,Not Graduate,1
51113,143393,744,0.7,0,0,0,Not Graduate,0
30516,50240,722,13.0,0,0,0,Graduate,1
63135,46229,619,0.7,3,1,1,Graduate,1
55518,76912,620,0.6,1,0,1,Graduate,0
29607,37555,719,12.0,2,0,0,Not Graduate,1
45135,25893,735,1.9,2,0,0,Graduate,1
46420,181625,682,10.7,2,0,0,Not Graduate,0
71238,99291,637,2.4,4,0,0,Graduate,1
88130,302097,668,2.3,1,3,1,Graduate,0
48816,107250,675,0.7,2,0,0,Graduate,1
21155,82570,705,12.5,2,1,0,Graduate,1
70478,72130,660,7.2,0,0,0,Graduate,1
147125,130552,785,1.3,4,0,0,Graduate,1
70189,35700,670,6.5,0,0,0,Graduate,1
42770,128933,622,0.5,2,0,0,Graduate,0
59905,94190,673,3.7,4,1,0,Graduate,1
73140,259371,581,1.5,2,0,0,Not Graduate,0
51870,141000,861,9.5,0,0,1,Graduate,1
94605,238501,739,3.6,1,0,1,Graduate,1
27829,61338,679,12.7,1,0,1,Graduate,1
40054,56220,807,4.4,1,2,0,Graduate,1
61670,44798,662,3.5,1,0,1,Graduate,1
69505,142659,677,5.9,2,0,1,Graduate,1
37288,31580,617,7.7,3,0,0,Graduate,1
39091,143467,595,0.1,0,1,0,Graduate,0
35127,119523,699,3.7,0,0,0,Not Graduate,1
33782,90171,776,7.5,0,0,0,Graduate,1
63545,132399,601,2.6,0,2,1,Graduate,0
48110,100535,658,0.2,1,1,0,Graduate,0
93773,199343,662,0.1,1,0,0,Graduate,0
28373,88214,749,7.9,1,1,0,Not Graduate,1
45315,42674,641,1.1,0,0,0,Graduate,1
70821,167105,748,1.0,1,1,0,Not Graduate,1
58229,194736,744,1.7,1,2,0,Graduate,0
28308,64696,620,0.5,2,0,0,Not Graduate,1
87210,47799,654,0.3,2,2,0,Graduate,1
51428,69758,687,10.3,1,1,1,Graduate,1
127839,363068,641,1.8,1,2,0,Graduate,1
45888,172982,599,4.4,0,1,0,Graduate,0
87466,317336,813,9.8,0,0,0,Not Graduate,1
40979,138487,520,19.0,3,0,0,Graduate,0
43562,166651,701,5.8,2,1,0,Graduate,0
62756,92861,803,15.0,0,0,1,Graduate,1
20929,20000,607,2.8,3,0,0,Graduate,1
17863,31087,682,7.8,1,1,0,Graduate,0
34944,88043,761,13.9,2,1,0,Graduate,1
25597,41150,406,0.3,1,0,0,Not Graduate,0
15870,20000,675,1.9,0,0,1,Graduate,0
71059,161670,538,6.7,1,1,1,Not Graduate,0
33006,39572,767,1.9,1,1,1,Graduate,1
41281,125763,609,0.1,2,0,0,Graduate,0
52554,42685,841,8.2,2,0,0,Graduate,1
63086,243100,594,0.9,2,2,0,Graduate,0
56469,201504,720,1.9,1,0,0,Graduate,1
54233,192987,601,12.1,2,1,1,Graduate,0
61990,202375,659,1.2,0,0,0,Not Graduate,0
38183,103764,680,11.3,4,0,1,Not Graduate,1
34326,23582,682,2.7,0,2,0,Graduate,1
15390,43378,829,12.5,2,0,0,Graduate,1
67451,210059,808,10.5,0,1,0,Not Graduate,1
34795,33329,613,2.7,0,0,0,Graduate,1
132158,350899,684,12.7,2,0,0,Not Graduate,1
70893,154266,575,5.0,2,0,0,Graduate,0
78830,169763,555,3.2,0,1,0,Not Graduate,0
69764,83585,620,3.8,2,0,1,Graduate,0
63917,197379,831,0.3,0,0,0,Graduate,1
62193,232473,528,8.2,4,3,0,Graduate,0
65156,212233,732,1.7,1,0,1,Graduate,0
53502,95856,721,1.6,0,2,0,Graduate,1
36018,142078,613,6.3,0,0,1,Graduate,0
27191,48254,738,2.3,0,2,0,Not Graduate,1
60562,79971,738,3.6,0,0,1,Not Graduate,0
93505,363573,677,2.7,1,2,0,Not Graduate,0
46041,150296,666,3.5,0,1,0,Graduate,0
52876,167319,658,1.3,1,1,1,Graduate,0
25367,20000,604,10.8,0,0,0,Graduate,1
39066,45789,695,4.7,2,1,0,Not Graduate,1
26518,20000,635,1.3,1,2,0,Graduate,0
27455,88357,695,0.5,1,1,0,Graduate,0
51502,75906,625,3.8,4,0,0,Not Graduate,0
47629,45857,621,3.2,1,0,0,Graduate,0
72680,82610,631,13.5,0,2,0,Graduate,1
71905,197305,794,1.3,4,0,1,Graduate,1
31666,63829,556,10.7,0,0,0,Not Graduate,0
18624,70676,840,7.3,2,0,0,Not Graduate,1
30509,54324,749,3.2,0,1,0,Graduate,0
34362,117469,539,10.3,2,1,0,Graduate,0
64603,155864,628,9.9,1,0,0,Not Graduate,1
66583,197667,534,6.3,2,1,1,Graduate,0
47893,52218,738,0.5,2,0,0,Graduate,1
70974,221542,795,0.9,0,0,0,Graduate,1
176510,141172,701,4.5,2,1,0,Graduate,1
46201,134859,790,1.4,0,0,0,Not Graduate,1
43627,92895,697,4.0,0,0,0,Graduate,0
32199,41853,767,4.1,0,0,0,Graduate,1
57492,125410,706,4.4,0,0,0,Not Graduate,1
86569,302548,681,4.2,2,0,0,Graduate,0
38203,39789,750,2.4,4,1,0,Not Graduate,1
40313,44090,666,1.2,2,1,0,Not Graduate,1
37768,89472,811,3.7,2,0,0,Graduate,0
27573,74128,652,3.4,2,0,1,Graduate,0
52423,103310,731,1.6,3,1,1,Graduate,0
53369,76444,616,0.3,0,1,1,Graduate,0
48018,35301,538,1.2,1,3,0,Graduate,0
122948,82901,712,4.0,0,0,1,Graduate,1
59879,38494,518,3.8,1,2,0,Graduate,0
28052,102514,873,0.7,0,0,0,Graduate,1
67249,64542,648,4.7,0,0,0,Graduate,1
41368,63415,673,2.7,0,1,1,Graduate,1
41588,164297,652,5.3,4,0,1,Not Graduate,0
44948,168382,693,10.9,0,0,0,Not Graduate,1
42504,27628,711,1.8,2,0,0,Not Graduate,1
56104,136301,604,2.1,3,0,0,Graduate,0
141168,383588,450,5.6,1,0,0,Graduate,0
40775,28110,581,14.9,2,1,0,Graduate,1
51253,156241,636,3.3,0,1,0,Graduate,0
55114,218116,705,0.9,1,3,1,Not Graduate,0
37936,75980,697,13.7,3,1,0,Graduate,1
40106,83138,748,3.2,0,0,0,Graduate,1
80560,226188,532,3.1,0,3,0,Graduate,0
37982,116903,600,3.9,0,1,1,Graduate,1
31444,102641,640,1.5,1,0,0,Not Graduate,1
119547,92234,817,7.7,2,0,0,Graduate,1
26833,88613,900,5.1,4,0,0,Graduate,1
76243,268702,559,15.5,0,3,0,Graduate,1
44325,29179,778,1.1,0,0,0,Not Graduate,1
26699,20000,688,4.8,0,0,0,Not Graduate,1
40604,98590,730,3.6,4,2,1,Graduate,1
43791,98040,561,11.3,0,3,1,Graduate,0
21697,85277,802,0.2,0,0,0,Graduate,1
60714,92917,480,7.2,2,3,0,Not Graduate,0
57732,148124,562,4.9,0,0,0,Graduate,1
41185,93628,656,4.7,0,2,1,Not Graduate,0
62113,147523,627,10.4,0,3,0,Graduate,0
54288,152485,682,4.5,4,1,0,Graduate,0
93605,222927,618,6.3,0,1,0,Graduate,1
28596,20000,648,5.2,0,1,0,Graduate,0
42349,146230,663,0.4,1,0,1,Not Graduate,1
80867,97367,660,0.6,0,0,0,Graduate,1
64258,84117,693,2.1,2,0,0,Not Graduate,1
15509,42929,761,5.6,1,2,1,Not Graduate,1
21277,46217,612,0.1,0,1,0,Graduate,0
49039,123122,801,7.4,1,1,0,Graduate,1
111292,249432,684,1.1,4,0,0,Graduate,0
39503,77525,793,4.1,2,2,0,Not Graduate,0
67810,148610,649,1.1,4,0,0,Not Graduate,0
51088,50771,602,1.0,3,0,0,Graduate,0
65477,254872,687,2.0,2,0,0,Graduate,0
83731,210302,900,12.7,0,2,0,Graduate,1
78598,118200,557,1.4,2,2,0,Not Graduate,0
77227,231292,741,0.2,1,2,0,Not Graduate,0
36045,129055,696,10.7,1,0,1,Graduate,0
45451,69887,716,2.9,3,3,0,Not Graduate,1
63529,103920,571,4.9,0,0,0,Not Graduate,0
62394,126966,721,10.8,0,0,1,Graduate,1
65997,83190,707,7.0,3,1,0,Graduate,1
20244,67500,546,8.0,2,2,0,Not Graduate,0
89191,226956,692,3.3,0,1,0,Not Graduate,1
20918,20000,658,5.8,0,0,0,Graduate,1
33676,134317,648,16.6,1,0,0,Graduate,1
54050,135794,676,11.0,2,1,0,Graduate,1
48305,174613,778,4.7,2,2,1,Graduate,1
99644,224764,721,0.4,1,0,0,Not Graduate,0
27299,69301,586,19.5,0,2,0,Graduate,0
40862,85428,725,1.3,2,0,0,Not Graduate,1
18313,36253,676,2.2,3,2,0,Graduate,1
52355,66180,625,0.8,1,1,1,Graduate,0
44177,170851,568,0.9,0,0,1,Graduate,0
26370,29962,753,7.9,1,0,0,Graduate,1
94333,220968,629,0.7,0,2,1,Not Graduate,0
84120,67703,762,1.0,1,1,0,Graduate,1
50820,202102,583,0.9,0,0,0,Not Graduate,0
86617,211766,860,2.3,1,0,0,Graduate,1
46807,156851,900,5.9,1,0,0,Graduate,1
70044,173025,729,5.2,1,1,0,Graduate,0
75474,250383,797,6.4,2,1,0,Graduate,1
28730,68103,639,6.5,1,2,0,Not Graduate,1
60854,125201,630,0.0,0,1,0,Graduate,0
53327,111755,787,5.8,1,0,0,Graduate,1
29377,20000,694,5.8,4,1,1,Not Graduate,1
25881,46516,557,0.3,3,1,1,Graduate,0
62878,240936,687,2.8,0,0,0,Graduate,1
42576,121959,570,0.4,0,2,1,Not Graduate,0
23566,87609,663,1.1,1,1,0,Graduate,0
65496,78655,774,3.4,2,0,1,Graduate,1
78231,173599,811,0.1,3,3,0,Graduate,1
27295,20000,705,0.5,1,3,1,Graduate,1
48983,140566,800,0.4,2,2,1,Graduate,1
104738,339774,639,0.7,2,2,0,Graduate,0
31079,96884,833,0.3,0,0,0,Graduate,1
115104,92508,615,4.7,3,3,0,Graduate,0
41693,56967,607,1.0,0,1,0,Graduate,0
47331,132308,639,9.9,1,1,1,Graduate,0
24408,77043,613,10.8,2,2,1,Graduate,0
24858,36286,727,5.9,4,0,1,Graduate,1
35313,67867,793,0.3,0,2,0,Not Graduate,1
76331,132009,681,11.1,1,1,0,Not Graduate,1
157991,81520,708,2.7,1,1,1,Not Graduate,0
180405,454223,556,1.0,1,1,0,Graduate,0
46091,130986,689,7.5,2,1,0,Not Graduate,0
41019,60196,839,2.1,2,0,0,Not Graduate,1
29968,87124,807,3.5,4,3,0,Graduate,1
85592,115517,581,6.8,2,0,0,Graduate,0
34097,102441,641,0.5,0,2,0,Graduate,0
43539,91438,900,0.9,1,1,0,Graduate,1
62848,223223,718,17.3,1,2,0,Graduate,1
61431,147838,816,6.3,2,0,1,Not Graduate,1
36125,41410,823,1.3,0,2,0,Not Graduate,1
46744,157855,580,4.3,0,1,0,Graduate,0
36610,117954,745,1.0,0,2,0,Graduate,0
32330,25696,697,10.0,1,0,0,Not Graduate,0
29360,20000,837,3.0,0,2,0,Graduate,1
23487,22947,857,8.2,1,2,0,Not Graduate,1
58745,203175,605,17.9,1,0,0,Graduate,0
43463,70469,900,19.8,1,0,0,Graduate,1
27785,62977,695,0.7,1,1,1,Not Graduate,0
26531,69255,737,14.5,1,0,0,Graduate,1
26324,81661,441,1.6,1,0,0,Graduate,0
36096,122900,771,2.2,2,2,0,Graduate,1
86063,198421,486,0.3,0,0,0,Graduate,0
34869,68175,667,5.2,1,1,0,Graduate,0
64784,76821,630,5.2,0,1,0,Graduate,1
106967,280929,722,7.5,0,0,0,Not Graduate,1
53329,129300,696,14.6,0,1,0,Graduate,1
33442,50801,733,2.8,0,2,0,Graduate,1
46876,96644,792,2.6,1,1,1,Graduate,1
47970,148168,590,5.1,1,1,0,Graduate,0
116287,313367,662,5.5,2,1,1,Graduate,0
20616,45068,604,2.9,1,0,1,Graduate,1
85631,124432,597,12.6,1,0,0,Graduate,0
20506,58197,854,0.3,0,0,0,Not Graduate,1
73558,198372,566,7.1,0,0,1,Graduate,0
39948,84044,606,1.2,2,2,0,Not Graduate,0
122141,163038,877,3.4,0,0,0,Not Graduate,1
68655,76349,669,9.5,1,0,0,Graduate,1
65300,110219,674,2.0,1,1,0,Graduate,1
30611,112662,716,11.5,0,1,0,Not Graduate,0
120891,379429,572,3.0,1,0,0,Not Graduate,0
200293,724807,597,6.1,0,0,0,Graduate,0
134017,462239,625,6.4,2,0,0,Graduate,0
29687,62522,774,1.5,0,1,1,Graduate,1
44581,105057,740,11.5,0,0,0,Not Graduate,1
27058,29589,623,0.7,3,1,0,Graduate,1
36143,109262,668,4.5,1,0,1,Not Graduate,1
56487,111664,750,13.2,0,0,1,Not Graduate,1
70602,75152,465,0.2,1,2,0,Graduate,0
63994,53354,707,3.8,1,0,0,Graduate,1
20736,60889,748,1.4,0,1,1,Graduate,0
48138,105312,597,1.1,2,0,1,Graduate,0
63499,33749,739,1.3,1,0,1,Graduate,1
78773,266711,681,11.6,0,0,0,Graduate,1
60723,162017,843,2.8,3,2,0,Graduate,1
62588,39701,633,1.3,0,1,0,Graduate,1
43518,68167,733,13.1,0,1,0,Not Graduate,1
56159,170072,548,1.9,0,1,0,Graduate,0
178493,126124,687,6.4,0,0,1,Graduate,1
89632,275786,753,3.9,0,0,0,Graduate,1
58828,133371,633,5.7,2,0,1,Graduate,0
70570,228647,781,1.0,2,0,0,Not Graduate,1
50916,177866,763,5.7,2,0,0,Graduate,1
50792,161882,693,11.8,1,2,0,Graduate,1
78843,60967,656,0.5,1,1,0,Not Graduate,0
36335,76713,402,2.0,1,0,0,Graduate,0
45948,74233,622,18.0,3,3,0,Not Graduate,0
24710,56331,779,1.3,0,0,1,Graduate,1
72268,280420,655,0.3,3,0,0,Graduate,0
83684,78277,721,0.3,0,3,1,Graduate,1
66273,233917,638,1.6,0,0,1,Not Graduate,0
43602,173012,552,3.4,0,0,0,Graduate,0
47950,190127,747,1.6,1,0,0,Graduate,1
52757,173487,569,1.6,3,1,0,Not Graduate,0
84749,180476,656,8.9,0,0,0,Graduate,1
82308,92432,713,7.3,1,0,0,Graduate,1
23924,62891,619,1.9,0,0,0,Graduate,0
31599,83305,821,2.1,2,2,0,Not Graduate,1
60914,97921,858,17.5,1,2,0,Graduate,1
25103,66747,607,15.0,2,0,0,Graduate,1
77600,70454,611,18.1,3,0,1,Graduate,1
42716,116145,641,14.0,0,1,0,Graduate,1
69814,254021,784,4.9,3,0,0,Graduate,1
49867,107324,724,1.8,1,2,1,Graduate,1
46659,148188,748,17.4,3,1,0,Graduate,1
28466,77563,798,6.8,0,0,0,Graduate,1
37282,20000,598,6.2,3,0,0,Not Graduate,1
46275,42896,725,8.0,0,2,0,Not Graduate,1
45514,146186,685,4.6,2,0,0,Graduate,1
70412,45175,719,4.4,4,0,1,Graduate,1
35548,136748,783,2.2,3,0,1,Graduate,1
48300,175295,666,0.8,1,0,0,Graduate,1
104009,183921,617,2.9,0,0,0,Graduate,0
73923,117267,585,3.6,1,2,1,Graduate,0
51659,136653,838,10.5,2,1,0,Graduate,1
23647,62457,676,2.6,1,1,0,Graduate,1
24665,20019,557,10.7,2,0,1,Graduate,0
67420,84534,804,1.9,0,0,1,Graduate,1
70962,193559,526,14.5,1,2,0,Graduate,1
18536,61219,541,0.2,1,0,0,Graduate,0
69556,81521,652,3.7,0,2,1,Not Graduate,0
37010,109430,631,1.9,0,1,0,Graduate,1
40027,141963,708,1.7,1,1,1,Not Graduate,1
76455,69751,507,0.4,0,0,0,Not Graduate,0
70699,144003,709,5.7,2,1,0,Graduate,1
46660,162234,795,2.5,3,2,0,Graduate,1
69155,124285,592,14.9,0,0,0,Not Graduate,1
40874,58985,646,6.2,2,0,0,Not Graduate,1
33027,102703,608,2.9,1,1,0,Not Graduate,1
92040,175126,709,4.9,1,1,0,Not Graduate,1
95119,282703,583,0.3,2,1,0,Graduate,0
35533,33485,572,4.4,2,0,0,Graduate,0
37538,91492,666,5.5,4,0,0,Graduate,1
76547,139937,710,0.6,2,0,1,Graduate,0
34657,138302,694,5.7,2,0,0,Not Graduate,0
73160,188012,640,3.2,1,1,0,Graduate,1
29371,84812,740,3.3,1,0,0,Graduate,1
42475,40718,701,6.4,0,2,0,Not Graduate,1
79961,317596,575,3.0,0,3,0,Graduate,0
30196,20531,439,1.3,1,0,0,Graduate,0
36535,27326,727,1.8,1,1,0,Graduate,1
59167,45267,657,6.7,0,3,1,Graduate,1
19948,70759,580,0.4,1,1,0,Graduate,0
50840,155064,826,9.2,0,0,0,Graduate,1
87607,342166,825,4.4,2,2,0,Graduate,0
75539,55367,795,6.5,2,1,1,Graduate,1
47819,139674,700,2.1,1,0,0,Graduate,1
49529,117208,395,1.3,1,1,0,Not Graduate,0
103353,282875,786,8.2,3,1,0,Graduate,1
97274,223265,597,0.5,3,0,0,Not Graduate,0
46756,133897,630,0.9,2,2,0,Graduate,0
35781,131486,761,1.7,0,3,1,Graduate,1
75256,192366,863,2.2,0,0,1,Graduate,1
86274,313817,819,1.1,0,1,0,Graduate,1
97672,316219,696,12.2,2,0,0,Not Graduate,1
65631,231496,747,0.1,1,0,0,Graduate,1
41025,115173,580,8.1,2,3,0,Graduate,0
21270,49242,534,2.6,0,0,0,Not Graduate,0
129202,96054,777,9.0,0,0,1,Graduate,1
109252,373879,709,7.9,2,2,0,Graduate,0
33406,45000,550,0.6,1,0,1,Graduate,0
53925,33882,676,5.5,1,1,1,Graduate,0
43897,101699,736,2.4,1,2,0,Graduate,0
50671,137511,762,8.6,2,0,1,Graduate,1
40127,113015,737,9.5,2,0,0,Not Graduate,1
69270,197003,647,1.0,0,0,0,Graduate,0
27805,77521,604,3.3,0,2,0,Graduate,0
40258,134007,691,4.5,2,0,0,Not Graduate,0
75869,242231,752,3.9,4,1,0,Graduate,1
18274,61125,761,1.5,3,0,0,Graduate,1
57198,120739,822,1.6,0,2,1,Not Graduate,1
37276,26834,683,9.8,0,1,1,Graduate,0
109939,301069,580,0.2,1,1,0,Graduate,0
57789,71413,778,1.5,1,1,1,Graduate,1
33073,116032,687,1.3,0,1,1,Graduate,0
101318,306571,565,2.3,2,0,0,Graduate,0
49557,157620,736,5.8,0,2,0,Graduate,1
52346,78649,807,3.8,1,0,0,Graduate,1
76393,207459,714,3.9,2,0,0,Graduate,0
36211,85034,808,6.6,2,0,0,Not Graduate,1
101078,145509,636,8.4,1,0,1,Not Graduate,1
65417,218674,615,0.9,3,0,0,Graduate,0
35574,86262,757,0.6,0,0,1,Not Graduate,1
39489,46114,648,1.8,2,0,0,Graduate,1
26155,41021,788,8.8,0,3,0,Graduate,1
57174,74034,695,3.9,0,2,0,Not Graduate,0
44851,71466,790,0.8,1,0,0,Graduate,1
57317,66407,737,0.9,0,0,0,Graduate,1
20934,37661,599,11.4,1,0,0,Graduate,0
37724,110491,501,2.3,0,2,0,Graduate,0
30000,115725,750,1.5,1,0,0,Not Graduate,1
62724,77581,731,5.9,0,1,1,Graduate,1
36283,56216,588,9.9,0,0,0,Graduate,1
62017,31476,752,2.9,2,1,1,Graduate,0
37551,48387,805,7.8,1,1,0,Graduate,1
110530,217146,616,2.8,1,0,0,Graduate,1
50302,106443,506,5.9,1,0,0,Graduate,0
77491,110980,767,4.3,0,1,0,Graduate,1
46319,47530,795,11.2,1,0,0,Graduate,1
77764,192134,614,2.0,2,0,0,Not Graduate,1
33306,64353,750,7.4,3,0,0,Not Graduate,1
48003,95618,710,5.8,2,1,1,Graduate,1
38851,141122,670,9.1,0,1,0,Not Graduate,0
124781,307590,732,4.7,0,0,0,Graduate,1
27057,50304,635,3.1,0,0,0,Not Graduate,0
138016,191603,581,0.3,0,0,1,Graduate,0
24658,49318,717,9.2,1,1,1,Graduate,1
70827,249067,704,12.0,0,2,0,Graduate,1
35921,139296,451,3.0,1,0,0,Graduate,0
55683,101360,574,1.3,0,1,0,Not Graduate,0
45007,55423,620,5.2,3,0,1,Not Graduate,1
32363,119769,727,0.6,2,1,0,Graduate,1
51048,51331,543,0.2,4,1,1,Graduate,0
39793,61315,651,1.7,4,1,1,Graduate,0
65231,79224,854,5.7,2,0,0,Not Graduate,1
29651,73547,686,8.4,0,0,0,Graduate,0
62084,119836,692,0.9,0,0,0,Not Graduate,0
75513,113653,675,14.6,0,0,0,Graduate,1
46438,148033,768,4.0,1,0,1,Graduate,1
25301,71460,684,13.0,1,2,0,Graduate,1
116559,464406,660,0.8,2,0,0,Graduate,0
61914,98564,694,3.1,0,1,0,Graduate,1
34182,118219,799,2.8,1,0,0,Graduate,1
62751,97815,716,2.7,0,0,0,Not Graduate,1
21209,20000,685,13.4,2,1,0,Graduate,1
88272,90757,786,9.5,0,0,0,Not Graduate,1
141810,323277,633,7.9,1,2,0,Graduate,1
74017,246848,392,1.7,1,1,0,Graduate,0
29687,20809,720,2.1,1,3,0,Graduate,1
18133,61869,719,1.5,0,3,0,Graduate,1
96956,291474,624,7.9,3,1,1,Graduate,1
45536,28270,656,2.5,1,1,1,Graduate,1
40307,35149,793,19.2,1,1,1,Graduate,1
87771,67119,721,2.3,0,0,1,Graduate,1
36491,104964,813,0.9,2,2,0,Graduate,1
71766,176802,704,13.3,0,0,0,Graduate,1
49606,87108,666,7.6,0,1,0,Not Graduate,0
55463,44875,744,4.4,1,1,1,Graduate,1
110706,207622,713,9.8,4,1,0,Graduate,1
38390,110854,719,14.9,0,1,0,Graduate,1
36675,30328,659,9.9,0,0,1,Graduate,0
44306,154986,629,11.7,2,1,1,Graduate,0
26864,20000,632,1.6,2,2,0,Graduate,0
78293,205807,727,3.6,3,0,0,Graduate,1
73260,85129,738,7.9,1,0,1,Graduate,1
48792,40045,443,3.7,1,1,0,Graduate,0
30883,53810,614,5.1,1,0,1,Graduate,0
15000,42514,537,12.8,1,0,1,Not Graduate,0
32311,29845,635,1.8,4,0,0,Graduate,0
43671,94545,626,3.9,1,1,0,Not Graduate,0
18967,36442,693,4.1,0,1,0,Graduate,1
170630,340592,697,2.2,0,1,0,Graduate,1
60340,229412,872,2.3,4,3,0,Not Graduate,1
64358,110798,714,7.3,1,0,0,Not Graduate,1
45479,180582,737,13.3,0,2,0,Graduate,1
70882,169008,552,5.0,0,1,0,Not Graduate,0
42174,145445,650,3.3,0,1,0,Graduate,0
45207,77803,583,6.9,1,1,0,Graduate,0
98962,78844,734,30.6,2,1,0,Graduate,1
84880,67515,685,0.4,1,0,1,Graduate,1
48753,122347,649,5.3,3,2,0,Graduate,0
134758,505977,766,4.1,2,0,1,Graduate,0
47051,35254,656,4.7,1,0,0,Not Graduate,0
38067,110848,800,0.1,2,0,1,Not Graduate,1
52233,129089,799,15.6,2,1,0,Graduate,1
56979,158566,623,0.4,1,2,1,Graduate,0
27006,33876,780,1.8,1,0,1,Not Graduate,1
62551,46712,690,1.8,0,0,0,Graduate,1
141116,107467,645,6.6,1,0,0,Graduate,1
78829,107486,716,5.6,1,2,0,Graduate,1
68325,85252,537,0.3,3,0,0,Graduate,0
62330,58731,632,0.8,0,0,0,Not Graduate,1
29765,42456,718,1.9,2,0,1,Not Graduate,1
29785,70559,654,6.1,0,2,1,Not Graduate,0
53186,203347,777,13.2,4,0,0,Not Graduate,1
39573,147526,644,1.9,1,2,0,Graduate,0
23782,34507,691,3.7,1,0,0,Graduate,1
41139,30103,669,2.3,0,0,0,Graduate,1
61411,244705,542,4.3,0,0,0,Not Graduate,0
65523,142016,715,4.9,2,0,0,Graduate,1
32326,126848,709,3.7,1,0,0,Graduate,1
47908,114105,506,2.5,3,2,0,Not Graduate,0
60318,217281,458,10.6,1,1,1,Graduate,0
26000,53698,639,8.1,0,3,1,Graduate,0
33316,89189,791,32.2,2,1,0,Graduate,1
48699,115664,900,2.7,3,2,1,Graduate,1
31113,39501,516,0.2,4,1,1,Not Graduate,0
41607,132032,826,5.3,2,0,0,Not Graduate,1
170739,118121,785,7.6,0,1,0,Graduate,1
23072,40802,627,13.8,1,0,1,Graduate,0
99940,354255,849,0.1,1,0,1,Graduate,1
58153,131390,722,10.6,1,1,0,Not Graduate,1
26582,20515,660,3.6,0,1,1,Graduate,1
68823,84402,520,2.3,0,1,0,Graduate,0
50084,44261,689,1.3,1,1,0,Graduate,1
89560,131808,684,8.4,2,0,0,Graduate,1
68203,73563,881,2.3,0,0,0,Graduate,1
54077,161789,595,4.6,0,1,0,Not Graduate,0
42057,118095,600,3.6,2,0,0,Graduate,0
87944,85550,634,1.5,2,1,0,Graduate,0
40295,82905,900,7.8,1,0,0,Graduate,1
24341,37374,576,1.8,0,0,1,Graduate,0
18998,31921,798,7.7,1,0,0,Graduate,1
26423,66479,540,2.6,2,0,0,Not Graduate,1
73239,266986,719,0.2,0,2,0,Graduate,0
40880,148828,689,7.3,0,0,0,Graduate,1
33323,64832,617,11.5,2,0,0,Not Graduate,1
39467,74047,745,0.6,1,2,0,Graduate,1
74215,171653,608,4.4,2,0,1,Graduate,0
67283,145291,535,0.4,2,1,0,Graduate,1
53157,38073,652,8.9,0,1,0,Graduate,1
36319,91729,597,22.1,0,3,1,Graduate,0
40325,102690,703,3.4,0,0,1,Graduate,1
45882,95260,654,1.9,0,0,1,Graduate,1
31341,61080,821,9.3,0,0,0,Graduate,1
46385,175630,651,3.7,4,1,1,Not Graduate,0
30534,79478,705,3.0,0,0,1,Graduate,1
58859,197589,575,1.3,0,0,0,Not Graduate,0
62261,238984,642,4.8,0,1,0,Graduate,1
85700,285839,598,4.7,0,0,0,Graduate,0
55840,212214,787,1.5,0,2,0,Graduate,0
54961,173541,612,1.2,0,1,1,Graduate,0
32278,35358,621,2.9,1,0,0,Graduate,1
47870,61956,707,3.0,1,0,0,Graduate,1
29400,34651,616,0.7,0,0,1,Not Graduate,0
20907,34026,807,1.6,1,0,0,Graduate,1
42934,74812,856,0.9,0,0,0,Graduate,1
38106,127240,599,11.6,1,0,0,Graduate,0
66550,117327,756,0.4,0,2,1,Not Graduate,1
30307,92294,604,10.5,1,2,1,Graduate,1
200134,733162,648,3.8,1,0,1,Graduate,0
38562,34742,742,5.5,0,0,0,Graduate,1
47327,23707,693,12.8,0,0,0,Graduate,1
36922,133301,695,2.3,0,0,0,Not Graduate,1
72324,96473,779,6.1,1,0,1,Graduate,1
44051,45682,778,5.6,2,0,0,Graduate,1
30042,46062,685,22.3,3,0,0,Graduate,1
19600,22561,623,0.2,1,0,0,Not Graduate,0
65314,214085,680,3.0,3,0,1,Graduate,0
67840,184577,589,22.8,3,2,0,Graduate,1
58184,63162,751,2.0,2,0,1,Graduate,0
44019,111917,663,16.9,1,0,0,Not Graduate,1
41789,51330,581,8.5,2,0,0,Graduate,1
72313,86157,801,2.1,1,1,0,Graduate,1
46606,120432,679,0.1,1,0,0,Not Graduate,1
86014,243110,613,1.6,2,2,0,Graduate,0
46652,79855,783,0.7,3,0,0,Not Graduate,1
45814,145317,793,2.8,1,2,0,Graduate,1
59008,202412,510,14.0,0,0,0,Graduate,0
98309,364451,780,3.6,0,0,0,Not Graduate,1
88289,237604,694,3.0,0,3,1,Graduate,1
47853,60777,767,1.2,1,0,0,Graduate,1
40665,126861,674,4.9,0,2,0,Not Graduate,0
26792,23509,714,3.0,2,1,0,Graduate,1
69289,78591,653,7.4,1,0,0,Not Graduate,1
20092,68611,769,3.6,1,2,0,Not Graduate,1
114991,424076,620,10.9,0,0,0,Graduate,0
74725,54811,772,7.6,1,1,1,Graduate,1
33760,53760,696,0.8,2,0,0,Graduate,1
90712,245115,748,0.7,2,0,0,Graduate,1
64479,244069,589,0.1,4,1,0,Graduate,0
61935,154686,718,2.3,0,1,1,Graduate,1
42896,144709,728,0.3,0,0,1,Graduate,1
64623,241021,847,3.0,1,0,0,Graduate,1
24140,55923,743,1.4,3,0,0,Graduate,1
50586,156390,627,3.4,0,1,0,Not Graduate,1
34894,98346,623,0.9,2,2,0,Not Graduate,1
42445,120959,749,4.0,0,2,0,Graduate,1
34736,80232,631,17.0,1,0,0,Graduate,0
35637,95550,633,5.1,3,0,0,Not Graduate,1
93360,227828,603,4.2,1,1,0,Graduate,0
23946,65423,692,7.8,2,1,1,Graduate,0
60134,136396,700,0.0,1,1,1,Graduate,1
27852,35615,651,1.7,2,2,0,Graduate,1
94916,277883,833,21.7,0,0,0,Graduate,1
60712,111960,731,7.6,3,0,0,Graduate,1
24286,23001,838,0.5,1,2,0,Graduate,1
57950,201644,692,2.0,0,1,0,Not Graduate,1
34616,39279,614,2.9,0,1,0,Graduate,0
54909,131370,590,13.6,0,0,0,Graduate,1
25230,76293,669,4.4,1,1,0,Not Graduate,0
90715,251005,748,0.4,0,1,0,Graduate,1
18057,20000,653,3.6,0,1,0,Graduate,1
32735,38611,757,1.7,1,1,1,Not Graduate,0
28539,29137,806,2.1,4,1,0,Graduate,1
59256,44674,607,0.6,1,3,0,Graduate,0
38321,57154,581,3.1,1,0,0,Graduate,0
44703,104359,765,5.5,0,0,1,Graduate,1
35569,39316,704,7.1,0,0,0,Graduate,1
24730,96398,709,5.9,0,3,0,Not Graduate,0
43727,128817,743,5.4,2,0,0,Not Graduate,1
25554,64959,543,10.2,4,0,0,Graduate,0
19614,56585,720,2.0,2,0,1,Graduate,1
67034,135800,696,1.2,0,0,0,Not Graduate,1
26383,56583,722,0.5,1,0,0,Graduate,1
101575,366720,594,0.9,1,3,1,Graduate,0
99592,301442,687,0.8,3,0,0,Graduate,1
76332,195307,636,12.2,2,0,1,Graduate,1
27781,106283,774,1.0,2,1,1,Graduate,1
141606,399222,672,0.5,1,1,0,Graduate,1
15120,28659,626,2.6,1,3,0,Not Graduate,1
31524,20998,591,0.9,2,1,1,Not Graduate,1
74355,138848,759,0.7,1,0,0,Graduate,1
71492,267155,768,2.3,2,3,1,Graduate,1
34113,22387,853,12.6,0,1,1,Not Graduate,1
33096,37927,651,0.2,3,0,1,Not Graduate,1
44016,146600,589,1.2,2,0,0,Graduate,0
46935,83419,669,8.7,1,3,0,Not Graduate,1
38765,44605,617,1.4,3,0,0,Not Graduate,0
112308,376773,623,2.9,2,0,0,Not Graduate,0
34828,85487,723,0.5,1,0,0,Graduate,1
102052,246926,778,7.9,2,1,1,Not Graduate,1
60052,91774,717,6.7,0,0,1,Graduate,1
81601,233621,690,0.7,1,0,0,Graduate,1
23215,81632,754,14.8,0,0,0,Graduate,1
81961,256186,660,4.5,0,0,0,Graduate,1
80523,212863,810,8.0,3,1,0,Graduate,1
35136,60674,900,7.2,1,0,0,Graduate,1
74904,261552,623,3.7,2,0,1,Graduate,0
23390,58038,789,6.9,1,0,0,Graduate,1
38665,139717,789,1.4,1,1,0,Not Graduate,1
87864,122099,727,0.1,0,1,0,Graduate,0
44757,124875,796,2.1,2,2,0,Graduate,1
42954,162072,712,0.8,2,0,0,Graduate,1
98941,179014,738,19.8,1,2,1,Graduate,1
18458,70684,687,12.9,3,0,0,Not Graduate,1
44854,84040,693,0.8,1,2,0,Graduate,0
47429,96371,737,2.1,2,2,0,Graduate,1
32913,109356,718,3.6,2,3,0,Graduate,1
97448,137665,586,2.5,1,0,0,Graduate,1
31100,92385,726,6.0,3,0,0,Graduate,0
31296,48332,658,3.5,1,0,0,Graduate,1
15000,38673,630,4.2,2,1,0,Not Graduate,0
85423,274710,767,5.7,2,1,0,Graduate,1
41579,24593,596,0.1,1,1,0,Graduate,0
41615,33695,656,0.1,0,0,0,Not Graduate,0
44064,166134,584,1.0,4,1,1,Graduate,0
89021,298702,644,6.3,0,0,0,Graduate,0
109802,391941,895,1.4,3,1,0,Graduate,1
20615,41978,611,12.6,1,3,0,Graduate,1
38892,116957,666,0.4,2,1,0,Graduate,0
27790,110991,805,4.3,0,1,0,Graduate,1
43834,88276,719,0.1,1,0,1,Graduate,1
46839,162237,668,17.9,0,0,0,Graduate,1
20757,20000,618,1.2,4,0,0,Graduate,1
58943,141672,741,4.4,0,2,0,Not Graduate,1
39160,65254,651,15.3,1,0,0,Not Graduate,1
72420,168799,876,0.2,0,2,0,Graduate,1
49769,44755,655,3.6,2,0,0,Not Graduate,1
20783,37137,832,3.7,1,1,0,Not Graduate,1
66657,51183,759,2.2,0,1,1,Graduate,1
25084,52320,758,5.3,1,1,0,Graduate,1
26483,54192,666,3.9,0,1,0,Not Graduate,1
41840,69203,639,1.4,0,1,1,Not Graduate,0
42508,162342,657,6.1,1,0,1,Graduate,0
20399,20000,774,3.1,1,2,0,Not Graduate,0
45529,154209,727,3.2,0,0,0,Graduate,1
46887,81689,512,15.2,0,0,1,Graduate,0
45979,55064,564,3.8,1,1,0,Graduate,0
21079,30647,668,7.7,3,0,0,Graduate,1
52678,192624,728,10.1,2,1,0,Graduate,1
66820,226330,659,4.3,0,0,1,Graduate,1
25002,20000,635,7.7,2,0,0,Not Graduate,1
28630,29079,591,1.9,0,1,0,Not Graduate,0
72669,208022,762,1.0,1,0,0,Graduate,1
108011,174000,689,5.9,2,2,0,Graduate,1
45108,167666,831,13.0,1,0,0,Graduate,1
39152,127353,563,0.2,1,0,0,Graduate,0
54128,192839,742,7.2,3,3,0,Graduate,1
96584,113491,729,0.1,0,0,1,Not Graduate,1
32048,32928,756,3.1,0,0,0,Graduate,1
38484,144766,754,5.7,3,2,0,Graduate,1
37982,72723,634,2.6,3,2,0,Graduate,0
24141,47195,664,1.8,1,0,0,Graduate,1
75086,217450,695,1.0,1,2,0,Graduate,1
55858,105632,590,19.1,0,0,1,Graduate,1
17879,63705,773,4.2,3,0,0,Graduate,1
48743,187992,457,0.7,1,1,0,Graduate,0
112547,187258,575,0.2,1,2,0,Graduate,0
56258,69096,529,1.4,0,0,0,Graduate,1
109316,83470,779,3.9,1,1,0,Graduate,1
37047,46318,699,7.0,2,0,1,Not Graduate,1
79467,78518,632,19.8,0,2,0,Not Graduate,1
94605,56945,689,9.0,3,0,0,Not Graduate,1
47270,31354,704,4.7,0,0,0,Graduate,1
39912,91110,568,5.5,3,2,0,Graduate,0
84965,252963,693,3.7,2,2,0,Graduate,0
64218,253108,805,2.9,2,1,0,Not Graduate,1
78984,82529,821,7.7,2,0,0,Graduate,1
60268,177416,757,1.0,1,1,0,Graduate,1
47107,114893,703,2.0,0,2,0,Graduate,0
46893,101920,763,19.2,2,1,0,Graduate,1
41052,124243,744,4.2,0,0,0,Not Graduate,1
59882,79960,579,3.5,0,2,1,Graduate,0
44862,71308,598,9.5,0,2,1,Graduate,0
55641,102722,737,7.2,2,1,0,Not Graduate,1
32980,37544,620,2.0,2,2,0,Not Graduate,0
32022,69654,588,4.9,0,0,0,Graduate,0
65649,63123,796,1.0,0,0,0,Not Graduate,1
59530,96052,686,0.3,1,0,0,Not Graduate,0
39538,35429,674,23.0,0,2,0,Graduate,1
97582,61046,572,6.7,1,3,0,Not Graduate,0
32515,56682,640,13.4,0,2,0,Graduate,1
61002,162353,649,8.9,0,1,1,Graduate,1
61627,63575,599,2.8,0,1,0,Not Graduate,0
50349,200245,571,9.9,0,2,0,Graduate,0
92327,134818,837,7.7,0,1,0,Graduate,1
110595,64082,807,1.5,4,0,1,Graduate,1
27573,20000,671,4.9,2,0,1,Graduate,1
15716,44524,561,1.8,0,3,0,Graduate,0
38384,109186,525,1.3,1,0,0,Graduate,0
29987,109738,639,0.4,0,0,0,Graduate,1
39397,32225,477,3.9,2,1,0,Graduate,1
121755,221263,639,2.5,3,2,0,Graduate,1
188772,681929,498,0.5,1,0,0,Graduate,0
30513,100445,672,6.3,1,0,0,Not Graduate,0
54838,72225,698,6.4,1,2,0,Not Graduate,1
54223,196008,663,1.3,1,0,1,Graduate,0
58272,167990,875,15.6,0,2,0,Graduate,1
24705,35207,661,7.5,1,0,1,Graduate,1
90935,59734,836,8.2,4,0,0,Not Graduate,1
76955,172460,707,0.0,2,2,1,Not Graduate,0
38560,115518,861,19.2,3,0,0,Graduate,1
90706,130640,522,23.2,0,0,1,Not Graduate,1
23838,25998,583,3.5,1,2,1,Graduate,0
21023,20000,654,21.0,3,1,0,Graduate,1
55962,192905,824,4.7,0,0,0,Graduate,1
60817,42059,658,0.7,3,1,0,Graduate,1
45166,118917,619,8.4,0,2,1,Graduate,0
85278,270447,735,4.1,4,2,0,Graduate,1
35286,114035,762,2.1,0,0,0,Graduate,1
89518,249571,611,1.3,1,1,1,Not Graduate,0
72696,202444,618,3.7,0,1,0,Graduate,0
124421,268664,833,5.9,0,0,1,Graduate,1
20202,39565,792,10.5,3,1,0,Not Graduate,1
38439,37699,816,4.6,0,0,0,Not Graduate,1
31160,73966,765,2.7,2,0,1,Not Graduate,0
72293,54119,603,5.0,3,0,0,Graduate,1
107637,230201,677,3.4,3,1,0,Graduate,1
40700,124467,584,5.3,3,0,0,Not Graduate,0
66151,135611,768,4.7,4,1,1,Graduate,1
100892,229933,631,19.2,0,0,1,Graduate,1
57706,198954,526,4.9,4,1,0,Graduate,0
69615,192348,690,5.9,0,0,0,Graduate,1
18185,20000,781,11.1,0,0,0,Graduate,1
107251,257431,556,12.2,0,1,0,Graduate,0
42219,74981,669,0.8,2,0,0,Graduate,1
186256,227961,630,3.0,0,1,0,Graduate,0
32035,88669,769,14.3,0,3,0,Graduate,1
62149,115147,496,16.1,1,0,1,Graduate,1
74071,235957,782,1.1,1,0,1,Graduate,1
15000,38291,617,2.9,0,0,1,Graduate,1
119217,103111,666,1.6,1,2,0,Graduate,0
71079,122698,757,7.8,0,1,0,Not Graduate,1
23220,33540,813,9.6,1,1,0,Graduate,1
58975,60444,685,3.2,1,1,1,Graduate,1
58805,194101,615,5.6,4,2,0,Graduate,0
45836,83643,632,10.2,3,0,0,Graduate,1
36387,96295,785,6.2,0,1,0,Graduate,1
47382,169960,600,0.9,0,2,0,Not Graduate,1
75408,181018,710,6.2,3,1,0,Graduate,1
73898,103700,681,0.9,1,0,0,Graduate,0
49229,160852,748,5.3,2,2,0,Graduate,1
54958,111298,683,2.0,1,0,0,Not Graduate,1
46004,113787,641,0.3,2,0,0,Not Graduate,0
30137,110220,635,1.3,0,0,0,Not Graduate,1
47637,105394,633,3.2,2,2,0,Graduate,0
33952,56749,556,25.6,3,0,1,Graduate,1
29799,90764,726,1.5,0,3,0,Graduate,1
15000,20000,699,19.3,1,0,0,Not Graduate,1
39958,147766,548,2.3,1,1,0,Graduate,0
72601,268945,643,16.1,3,0,0,Graduate,1
90360,228424,655,15.6,3,0,0,Not Graduate,1
61273,63726,627,0.8,1,0,0,Graduate,0
25649,53409,669,8.8,2,2,0,Graduate,1
45372,89907,670,3.6,3,0,1,Not Graduate,0
27517,42489,760,5.8,0,1,0,Graduate,1
127351,141723,680,7.5,2,2,0,Graduate,1
40391,57474,733,0.7,0,0,0,Graduate,1
38287,93586,555,8.0,1,1,1,Graduate,0
77763,225511,584,1.8,3,0,0,Graduate,0
48072,188855,556,6.6,1,0,0,Not Graduate,0
83769,105143,644,4.3,0,1,0,Graduate,0
27957,33942,685,5.8,3,0,0,Graduate,0
51252,46620,830,4.9,1,0,0,Not Graduate,1
63173,239205,605,8.3,0,0,0,Graduate,0
15000,27547,756,11.2,0,0,1,Graduate,1
34845,130110,605,3.0,0,1,0,Not Graduate,0
36065,130305,682,2.5,0,1,0,Not Graduate,0
50393,32953,666,1.4,1,0,0,Not Graduate,0
41979,62096,597,8.4,1,1,0,Graduate,0
56842,88607,604,17.1,2,1,1,Graduate,1
43598,64120,824,1.1,1,1,0,Not Graduate,1
87004,173022,632,3.1,0,2,0,Graduate,0
140837,316541,770,7.4,0,2,1,Graduate,1
23149,73006,741,5.1,0,1,1,Graduate,1
49630,71316,625,8.4,3,0,0,Not Graduate,0
84387,130430,680,0.1,0,0,1,Not Graduate,0
34494,89516,691,12.1,1,0,0,Graduate,1
56383,63568,724,0.3,2,1,0,Graduate,1
40542,87415,644,2.9,3,2,0,Not Graduate,0
29682,40915,544,1.6,0,0,0,Graduate,0
29484,35174,617,13.2,0,0,0,Graduate,1
15000,49272,785,1.6,0,0,1,Not Graduate,1
53263,158454,677,2.3,0,0,0,Not Graduate,1
55045,75651,642,11.0,1,1,0,Graduate,1
30457,59486,547,3.9,1,0,0,Graduate,0
42620,44316,791,11.4,2,2,1,Not Graduate,1
23834,20000,661,5.4,0,2,0,Graduate,1
63976,163029,778,0.4,1,0,0,Graduate,1
40123,71117,741,2.9,0,0,1,Not Graduate,1
72063,88304,752,1.0,3,3,0,Graduate,1
41728,37602,829,0.3,3,2,1,Graduate,1
29916,86161,691,2.3,1,2,0,Graduate,1
37498,54376,668,12.0,0,0,0,Not Graduate,1
104198,383018,821,0.6,4,0,0,Graduate,1
139810,164251,755,0.0,2,1,1,Graduate,1
23075,31225,617,13.7,0,3,0,Graduate,1
77100,268391,774,3.8,1,0,0,Graduate,1
28166,70513,816,4.1,0,2,0,Graduate,1
33525,29480,473,13.2,0,0,0,Not Graduate,0
54420,131866,568,6.0,0,0,0,Not Graduate,0
62609,98826,607,8.8,2,0,1,Graduate,0
34061,104883,745,7.4,0,0,1,Graduate,1
66508,51362,751,4.7,0,0,0,Graduate,1
88620,329010,727,5.8,0,0,1,Graduate,1
70561,153380,759,4.1,0,1,0,Not Graduate,1
30239,92834,580,2.2,2,1,0,Graduate,0
39248,116421,571,1.7,2,0,0,Not Graduate,0
75934,85341,793,1.0,1,2,1,Graduate,1
106478,381227,689,2.2,0,0,0,Graduate,0
25966,34131,789,4.3,2,1,0,Graduate,1
57033,66556,617,4.4,3,1,0,Not Graduate,1
70767,164339,585,5.8,1,2,1,Graduate,0
24386,96223,566,10.6,0,0,0,Not Graduate,0
81588,130287,752,5.3,2,0,0,Not Graduate,1
141129,546956,782,0.9,0,0,0,Not Graduate,0
68317,138193,729,0.1,0,0,0,Graduate,1
65046,222545,636,1.1,1,0,0,Not Graduate,0
33671,79292,737,11.9,0,0,0,Not Graduate,0
38362,46741,735,4.2,3,1,0,Not Graduate,1
35468,126974,498,9.4,2,0,0,Not Graduate,0
31501,23685,648,1.3,0,0,0,Graduate,1
43431,125500,705,6.2,4,0,0,Graduate,1
57217,194974,780,6.6,1,2,0,Not Graduate,1
31927,108937,672,8.3,1,0,0,Graduate,1
41204,115106,693,3.8,1,0,0,Not Graduate,1
57496,79258,674,7.9,1,0,0,Graduate,0
17011,40160,704,13.7,0,0,0,Graduate,1
78798,213019,557,15.8,3,0,0,Graduate,0
54531,197071,626,0.7,0,0,0,Not Graduate,0
54905,58135,479,4.9,2,0,0,Graduate,0
87394,185905,640,0.6,2,2,0,Graduate,0
78360,130546,725,12.8,3,0,0,Graduate,1
66413,132625,609,15.5,1,0,0,Graduate,0
56377,64308,657,3.5,2,1,0,Not Graduate,1
48782,61514,715,16.1,0,2,1,Not Graduate,1
36664,117122,900,7.3,2,2,0,Graduate,1
30322,65929,673,6.0,2,0,1,Graduate,1
59496,136811,745,4.3,1,2,0,Graduate,1
59698,217370,663,2.6,0,0,0,Graduate,0
52605,70487,712,16.6,1,2,0,Graduate,1
25034,41368,677,1.1,0,0,1,Not Graduate,0
15000,23702,642,8.1,1,0,0,Not Graduate,0
50403,141497,662,2.3,3,0,0,Graduate,1
19595,48373,792,7.0,2,0,0,Graduate,1
57466,123576,706,0.9,1,2,1,Graduate,1
129874,368576,572,2.3,4,0,1,Not Graduate,0
57850,126907,642,14.6,1,0,0,Graduate,1
39408,132249,600,4.1,0,0,0,Graduate,0
29059,56254,763,3.4,2,0,0,Graduate,1
36741,132898,612,7.0,1,0,0,Graduate,0
48125,44212,758,2.7,4,0,0,Graduate,1
83823,69474,768,3.4,3,3,0,Graduate,1
52582,146964,693,4.1,3,0,0,Graduate,1
42368,78972,729,23.0,0,2,1,Graduate,1
68633,143787,635,8.2,0,1,0,Not Graduate,0
102542,301069,756,0.2,1,0,0,Graduate,0
57341,71727,568,7.7,0,1,0,Not Graduate,0
53939,35263,638,3.5,2,2,1,Graduate,0
21376,43524,652,1.3,2,1,0,Graduate,0
24813,90108,769,9.6,1,1,0,Not Graduate,1
23274,48354,833,1.6,1,1,0,Not Graduate,1
44550,111458,639,1.9,2,2,1,Graduate,0
32309,39717,671,0.3,2,1,1,Graduate,0
38253,81259,574,19.0,2,0,0,Graduate,1
32105,70062,673,7.9,2,0,0,Graduate,1
33554,44392,779,0.8,3,0,0,Graduate,1
19398,20820,518,3.4,0,1,1,Graduate,0
54721,94443,682,2.1,3,1,0,Not Graduate,0
69569,44248,745,0.2,0,0,0,Not Graduate,0
50760,54951,685,13.1,1,1,0,Not Graduate,0
58832,180010,663,9.1,3,0,0,Graduate,1
61854,171459,759,21.7,1,0,1,Graduate,1
60633,96693,607,1.4,0,0,0,Graduate,1
74851,181818,610,6.0,1,1,1,Not Graduate,1
88908,302539,514,0.6,3,0,1,Graduate,0
107922,370930,709,2.8,1,2,0,Not Graduate,1
18716,52223,700,9.4,2,2,0,Graduate,1
61919,57844,628,0.0,2,0,0,Graduate,0
26768,28646,600,3.3,3,0,0,Graduate,0
99020,150595,676,2.9,0,0,0,Not Graduate,1
50667,144274,689,5.9,1,1,0,Graduate,0
56284,78967,572,1.4,0,0,0,Graduate,1
51980,110484,505,1.0,1,0,0,Not Graduate,0
54458,184577,525,5.3,0,0,0,Not Graduate,0
111712,404532,549,5.1,0,0,1,Graduate,0
91110,312954,571,7.0,4,0,0,Graduate,0
109342,99232,672,1.4,1,3,0,Not Graduate,0
44474,164003,688,0.1,0,2,1,Not Graduate,0
16943,49042,665,10.5,1,1,0,Not Graduate,1
71228,189877,712,1.2,2,1,1,Not Graduate,1
28050,38328,716,2.7,1,0,0,Graduate,1
40904,153340,710,3.2,1,2,0,Graduate,0
47521,26648,688,1.0,2,0,0,Not Graduate,0
49071,38650,585,3.7,0,1,1,Graduate,0
67635,70196,560,12.3,1,0,0,Graduate,1
30893,90503,629,1.6,2,1,0,Graduate,0
67055,179707,782,3.7,1,1,0,Graduate,1
44572,169658,891,1.8,3,2,1,Graduate,1
180064,309968,730,19.7,1,1,0,Graduate,1
22135,37998,712,1.2,0,0,0,Graduate,0
52247,148559,776,0.6,0,3,0,Not Graduate,1
66664,73967,816,0.8,1,1,0,Not Graduate,1
39911,84776,597,2.3,1,0,0,Graduate,0
36794,20385,900,4.0,0,0,0,Graduate,1
95061,244510,823,5.5,1,0,1,Graduate,1
74644,242142,557,4.1,0,0,0,Graduate,0
32880,39888,590,11.8,0,0,0,Graduate,1
23354,36785,900,2.2,1,3,0,Graduate,1
65790,63253,773,6.2,3,0,0,Not Graduate,1
57606,152937,626,1.6,0,2,1,Graduate,0
65217,161350,687,5.7,0,1,1,Graduate,1
45908,155738,748,13.0,1,2,0,Graduate,0
75311,293428,760,19.2,0,1,1,Not Graduate,1
109118,430226,803,6.5,0,1,0,Not Graduate,0
105369,92207,702,14.3,4,0,0,Graduate,1
32550,79292,705,5.7,2,1,0,Graduate,1
171065,558322,647,16.5,2,0,0,Graduate,1
68124,191187,596,11.4,0,0,1,Graduate,1
24023,87429,592,0.6,0,2,0,Graduate,0
61002,124811,667,3.2,1,1,0,Graduate,1
54982,109679,711,2.1,2,1,1,Graduate,1
46245,27349,549,0.1,2,0,0,Graduate,0
44281,24566,864,3.1,0,1,0,Not Graduate,1
69641,203647,617,0.8,1,1,0,Not Graduate,0
69777,150030,603,0.2,0,0,0,Graduate,0
36558,102758,677,2.9,3,2,1,Graduate,0
37499,50016,467,1.3,1,0,0,Graduate,0
36772,129469,713,13.7,1,1,0,Not Graduate,1
44919,164403,591,8.4,3,0,0,Graduate,0
76361,215187,507,15.6,3,1,0,Graduate,0
89435,131676,693,10.7,1,0,1,Graduate,1
44040,55338,693,6.5,2,2,1,Graduate,1
84920,228371,855,4.6,0,1,0,Graduate,1
61135,231870,696,0.3,0,1,0,Graduate,0
52393,132207,695,1.5,1,0,0,Graduate,1
124712,428707,684,6.2,2,2,0,Graduate,0
57789,143255,448,2.6,1,1,0,Graduate,0
45812,131073,687,2.0,1,0,0,Graduate,0
74448,185167,676,0.5,2,0,1,Graduate,0
26491,66593,667,0.4,2,0,1,Graduate,0
43929,135625,605,1.2,2,0,0,Not Graduate,0
55876,105429,731,9.0,1,1,0,Graduate,0
70241,257362,592,5.4,3,1,1,Not Graduate,0
55300,194780,743,2.1,0,0,1,Graduate,0
25732,78188,715,0.3,1,0,0,Not Graduate,0
31493,97691,806,1.0,3,0,0,Not Graduate,1
39517,76914,638,3.0,2,0,0,Graduate,1
55314,188834,800,0.8,2,0,0,Graduate,1
25630,96477,699,7.2,0,0,0,Graduate,1
99166,325563,673,7.8,1,1,1,Graduate,1
57323,55350,603,0.7,4,1,0,Graduate,0
56549,183964,716,6.5,0,3,0,Graduate,1
44955,95574,637,3.6,0,1,0,Not Graduate,1
23821,62661,677,16.4,1,0,0,Graduate,1
51298,203605,750,7.7,1,1,0,Graduate,1
71262,125260,677,4.4,1,0,0,Graduate,1
45405,78089,709,4.6,0,3,0,Graduate,1
83665,118885,816,1.0,1,1,0,Graduate,1
47517,44900,731,11.2,1,0,0,Not Graduate,1
69426,75577,619,4.1,1,0,0,Not Graduate,0
46381,106673,644,4.3,0,2,1,Graduate,1
59259,218328,693,4.3,1,2,0,Graduate,0
75664,252314,871,1.6,2,0,0,Graduate,1
28561,32523,560,8.4,2,0,0,Graduate,1
67755,167079,697,9.9,2,2,0,Graduate,1
83046,287692,803,1.7,4,2,0,Graduate,1
146561,350020,735,2.9,3,2,0,Graduate,1
50796,187438,668,1.0,3,2,0,Graduate,0
17161,63111,525,1.4,0,1,0,Not Graduate,0
20122,34587,816,2.0,1,2,0,Graduate,1
31458,111953,637,11.6,0,0,0,Graduate,1
93080,237158,594,4.9,2,2,1,Not Graduate,0
147028,320441,703,4.4,2,0,0,Graduate,1
40006,128415,808,14.7,0,1,0,Graduate,1
50344,164304,716,7.8,1,0,0,Graduate,1
15000,42960,647,0.1,3,2,0,Graduate,0
67893,226635,702,0.7,1,0,0,Not Graduate,1
52429,200801,691,1.4,1,2,0,Graduate,1
43260,153824,638,1.8,0,0,1,Graduate,0
30279,23009,686,9.0,2,0,0,Not Graduate,1
41101,142832,606,7.3,0,2,0,Graduate,0
25019,80944,591,0.8,1,1,0,Graduate,0
31876,119332,730,3.8,3,3,0,Not Graduate,0
25970,80207,644,0.6,1,1,1,Graduate,1
29482,105324,678,0.9,2,1,1,Graduate,0
27513,20000,611,1.4,2,3,1,Graduate,0
65417,256585,629,11.8,0,2,0,Graduate,1
27587,32226,636,2.3,3,0,0,Not Graduate,0
47755,168329,627,12.4,0,0,0,Graduate,0
28397,106590,643,6.9,0,1,0,Graduate,1
28959,20000,698,6.9,3,2,0,Graduate,0
28394,104998,805,8.1,2,1,0,Not Graduate,1
79922,271914,748,0.5,1,1,0,Graduate,1
44745,166828,650,8.4,0,0,0,Not Graduate,1
33739,37757,623,1.5,1,1,1,Graduate,0
29671,95573,520,20.7,4,0,0,Graduate,0
25030,55221,619,9.4,0,0,0,Not Graduate,1
34229,47986,581,28.5,2,0,0,Not Graduate,1
23902,75210,685,13.8,0,0,0,Graduate,1
39446,85061,830,2.2,2,3,1,Graduate,1
34410,125581,644,14.2,1,0,0,Graduate,1
33203,99195,549,2.0,0,1,0,Graduate,0
91045,89863,662,5.4,0,0,0,Not Graduate,1
43390,59777,640,8.5,0,2,0,Graduate,1
44755,63815,793,2.4,1,1,0,Graduate,1
93059,158589,510,1.1,3,0,0,Graduate,0
24850,70391,591,11.3,3,0,1,Graduate,1
38426,139492,748,0.5,0,0,0,Graduate,1
22593,58243,539,2.3,3,1,1,Graduate,0
50774,158988,732,3.9,0,0,0,Graduate,1
66408,106821,620,8.2,3,0,0,Not Graduate,1
15000,34929,772,10.2,2,0,0,Graduate,1
75357,170642,676,3.6,4,0,0,Graduate,1
57269,169157,666,4.3,1,1,0,Not Graduate,1
49923,115465,734,9.6,2,0,0,Graduate,1
26346,43995,682,3.1,2,3,0,Graduate,1
72112,97616,569,4.1,1,0,0,Graduate,0
113714,158230,633,0.1,4,0,0,Not Graduate,0
39985,157264,534,15.1,0,0,0,Graduate,1
41826,73244,602,4.2,4,0,1,Not Graduate,0
49582,164765,488,6.5,2,2,1,Not Graduate,0
40146,30101,890,1.4,1,0,1,Not Graduate,1
44843,36492,678,5.3,0,0,0,Graduate,1
81981,237871,728,3.1,0,0,1,Not Graduate,0
47422,99597,605,0.6,2,0,0,Graduate,1
56671,202981,727,8.9,2,1,0,Not Graduate,1
135482,476594,750,9.1,4,0,1,Graduate,0
101941,320585,764,0.3,1,1,0,Graduate,1
29047,97411,673,2.5,3,2,0,Graduate,1
117261,415897,771,1.7,3,2,1,Graduate,0
97582,316411,625,3.6,4,1,0,Not Graduate,1
103486,242584,714,3.4,0,0,0,Graduate,1
35855,51152,684,5.3,1,0,0,Not Graduate,1
54490,177411,574,1.4,0,1,0,Graduate,0
40303,64968,515,1.3,1,0,1,Graduate,0
52079,70664,653,6.4,2,1,0,Graduate,0
117699,129568,653,18.7,0,1,1,Graduate,1
52577,141703,656,14.6,0,1,0,Graduate,1
20745,27978,774,7.9,1,0,1,Graduate,1
40678,73705,804,0.3,1,1,1,Graduate,1
35339,105370,739,1.4,1,0,0,Not Graduate,1
119959,393275,733,5.8,1,0,0,Graduate,0
32645,52287,673,1.8,1,1,1,Not Graduate,1
39991,137961,696,2.5,0,0,0,Not Graduate,0
40689,28598,719,15.4,1,1,1,Graduate,1
109076,430912,693,0.5,0,0,0,Graduate,0
79236,155229,733,9.9,0,0,0,Not Graduate,1
65120,106608,684,0.3,2,1,0,Graduate,0
55075,205587,635,2.1,2,1,0,Graduate,0
54586,52586,704,4.1,0,2,0,Graduate,0
50923,89233,659,2.2,0,2,0,Graduate,1
136988,240572,811,15.8,0,0,0,Graduate,1
26016,51649,642,3.5,1,2,0,Graduate,1
15000,52038,900,6.6,1,0,0,Graduate,1
61176,212454,828,6.1,3,0,0,Graduate,1
98850,254118,578,9.0,0,1,1,Graduate,1
53786,213594,793,10.0,1,0,1,Not Graduate,1
18214,62922,669,3.1,1,0,0,Graduate,0
71176,205253,731,9.9,3,0,1,Not Graduate,1
28783,34486,822,5.3,0,0,1,Graduate,1
25801,62544,610,5.8,0,2,0,Graduate,0
30065,37541,638,1.0,1,1,1,Not Graduate,1
21931,34121,748,1.4,1,0,0,Graduate,1
54267,157402,647,5.8,3,1,0,Not Graduate,1
35457,40615,480,1.5,0,2,0,Graduate,0
25204,20615,767,3.4,0,0,0,Not Graduate,1
161126,380322,713,3.4,0,1,0,Graduate,0
37583,20000,678,1.3,0,1,0,Not Graduate,1
50305,132363,691,4.2,4,1,1,Graduate,0
106619,389659,881,4.1,1,2,0,Not Graduate,1
68785,80193,771,0.7,0,0,0,Not Graduate,1
127291,234175,603,2.4,1,1,0,Not Graduate,0
34612,128315,691,2.3,3,0,1,Graduate,1
82761,245267,787,4.1,2,1,0,Graduate,1
62647,60993,785,6.9,1,2,0,Not Graduate,1
80621,148100,545,0.1,2,0,0,Graduate,1
74771,235229,635,0.7,2,0,0,Graduate,0
33323,94196,578,1.8,0,3,0,Graduate,0
201131,210143,738,8.3,0,2,1,Graduate,1
15830,20000,598,3.3,4,2,0,Graduate,0
31821,91830,820,3.6,0,2,0,Graduate,1
68911,181344,797,2.6,1,1,1,Graduate,0
56688,40118,658,2.7,4,3,0,Graduate,0
52415,205041,566,19.0,1,2,0,Not Graduate,0
70107,96996,609,11.4,1,0,0,Graduate,0
32164,59539,721,6.5,2,2,1,Graduate,0
74605,83676,757,2.0,0,1,0,Graduate,1
45954,156237,677,3.6,1,0,1,Graduate,1
98763,382113,449,5.8,0,1,0,Graduate,0
42095,52475,741,2.5,0,0,0,Graduate,1
61939,92357,498,3.7,1,2,0,Graduate,0
67422,200434,489,0.8,2,2,1,Graduate,0
77079,180952,770,0.5,3,2,1,Not Graduate,1
49945,43339,573,0.9,1,0,1,Graduate,1
42478,159300,703,7.0,0,1,1,Not Graduate,1
33273,87808,688,1.1,3,0,1,Graduate,1
62510,97166,608,12.9,0,1,0,Graduate,0
18984,42036,699,2.3,2,1,0,Graduate,0
57208,128768,630,0.9,2,0,0,Graduate,0
59376,138878,684,8.7,0,0,0,Graduate,1
125117,280334,645,3.0,0,1,0,Not Graduate,0
35231,86889,635,2.5,1,0,0,Graduate,1
53845,101052,621,2.0,3,0,0,Not Graduate,1
53079,53693,599,2.0,1,3,0,Graduate,0
28197,79686,757,5.4,2,1,0,Graduate,1
48886,160038,639,3.9,2,1,0,Not Graduate,0
25065,86312,578,3.2,1,2,0,Graduate,0
79339,45765,643,3.0,1,0,1,Not Graduate,1
65865,126210,632,0.8,0,1,1,Graduate,0
60827,238717,645,8.8,3,2,0,Graduate,1
35651,25632,744,13.1,2,0,0,Graduate,1
99646,323795,624,8.1,0,0,0,Not Graduate,1
28498,26828,646,3.0,0,0,0,Graduate,0
50262,170200,738,17.9,0,3,0,Graduate,1
27321,77940,720,4.8,0,1,1,Graduate,0
44730,135872,618,7.4,0,0,0,Not Graduate,1
92552,362862,767,6.8,2,0,0,Graduate,1
62082,235177,762,6.2,1,0,0,Graduate,1
30930,48415,756,5.1,2,1,0,Not Graduate,1
37758,68466,707,1.2,0,2,0,Not Graduate,1
40549,78062,664,1.7,2,0,1,Graduate,1
32301,36565,583,10.9,3,0,0,Graduate,0
56179,103030,555,1.0,1,0,0,Graduate,0
146080,573596,672,0.8,0,0,0,Not Graduate,0
37060,82031,681,1.7,1,1,0,Graduate,0
128657,493286,656,2.3,2,1,0,Graduate,0
48932,36704,670,4.0,3,2,0,Graduate,1
57589,36713,803,4.7,0,1,0,Not Graduate,1
55850,140389,826,7.8,1,0,0,Graduate,1
20990,64585,580,0.4,1,1,0,Graduate,0
61534,77601,706,1.2,0,2,0,Graduate,1
15000,33926,685,3.5,0,1,1,Not Graduate,1
54427,193503,741,1.4,0,1,0,Not Graduate,1
53178,168362,836,10.3,0,1,0,Not Graduate,1
22755,29840,877,5.1,0,2,1,Graduate,1
50634,84592,745,3.4,1,2,0,Graduate,1
42343,66490,684,0.0,2,0,1,Graduate,0
45395,137014,647,9.8,2,2,0,Not Graduate,0
45625,177420,900,3.1,0,0,1,Graduate,1
36515,54052,611,3.8,0,2,0,Graduate,1
50912,130286,754,6.0,0,2,1,Graduate,1
75571,299259,656,13.9,2,1,0,Graduate,1
43500,45742,560,0.9,3,1,0,Graduate,0
47804,134177,834,0.4,0,0,0,Graduate,1
67818,112710,523,0.7,0,0,1,Graduate,0
152481,605478,487,6.7,2,1,0,Graduate,0
44516,39205,743,0.7,1,0,0,Not Graduate,1
20928,43519,653,3.5,1,2,0,Graduate,0
31309,43595,719,6.1,1,0,0,Graduate,1
66252,40473,679,6.2,2,1,0,Graduate,1
104434,404431,734,2.6,0,1,0,Graduate,1
30551,76029,653,6.0,1,1,0,Graduate,1
47968,141638,761,15.0,0,1,0,Graduate,1
49496,132201,764,0.1,1,1,0,Graduate,1
33376,34032,819,5.6,4,0,1,Graduate,0
105621,115863,794,3.7,0,2,1,Graduate,1
87732,236223,670,1.2,3,1,1,Graduate,1
58225,188029,743,1.8,2,0,0,Graduate,1
39737,104857,718,9.1,0,1,0,Graduate,1
79072,197388,718,4.4,2,1,0,Not Graduate,1
63384,197180,561,0.1,1,0,1,Graduate,0
39398,53291,748,16.8,0,2,0,Graduate,1
79677,243872,735,5.5,0,0,0,Graduate,0
58960,114340,844,2.9,0,1,1,Graduate,1
21368,61095,785,6.2,2,0,1,Graduate,1
29848,43624,693,1.1,3,1,0,Graduate,1
25218,24742,671,1.5,1,1,0,Graduate,1
82092,49424,590,0.8,1,0,0,Graduate,0
34507,114294,844,2.5,2,0,0,Graduate,1
67076,79780,584,11.8,2,1,0,Graduate,1
145210,257330,512,2.5,0,1,1,Graduate,0
72916,232675,761,1.7,0,0,0,Graduate,1
39756,82519,688,6.1,1,0,0,Graduate,1
33798,42634,704,10.2,2,2,0,Graduate,1
42059,49700,697,1.4,2,1,0,Graduate,1
29323,56528,585,8.2,0,0,0,Graduate,0
27660,68546,713,1.8,1,2,0,Graduate,1
32778,61401,651,1.4,0,2,0,Not Graduate,1
63966,234498,638,3.2,2,0,0,Graduate,0
37781,20000,808,0.3,2,2,0,Not Graduate,1
43799,83526,751,9.9,2,0,0,Graduate,1
61982,192138,473,10.4,2,0,0,Graduate,0
70518,255141,699,5.7,1,0,1,Graduate,0
18683,32777,776,1.8,0,0,0,Graduate,1
20709,59178,568,0.9,2,1,0,Graduate,0
40416,102302,602,6.0,2,1,0,Not Graduate,0
28074,33839,770,0.5,0,0,0,Not Graduate,1
75152,216686,639,2.6,3,0,0,Graduate,0
38874,53392,502,0.5,0,1,0,Graduate,0
120428,390629,788,2.8,0,1,0,Not Graduate,1
38409,135608,664,0.7,0,0,0,Graduate,0
57200,124380,714,0.2,4,2,0,Graduate,0
35118,24212,676,3.0,0,1,0,Not Graduate,1
62555,192715,781,4.2,4,0,0,Not Graduate,1
63247,135048,581,2.9,1,1,0,Graduate,1
76410,63483,740,1.0,0,0,0,Graduate,1
45838,76044,799,0.4,1,0,0,Graduate,1
92519,140374,559,0.7,3,1,0,Graduate,0
56944,173237,613,6.5,1,0,1,Not Graduate,0
35540,70520,828,0.1,0,1,0,Graduate,1
35668,91119,777,10.0,0,0,0,Graduate,1
70574,159062,606,9.2,0,1,0,Graduate,1
92238,279934,571,10.6,0,0,1,Graduate,0
27972,84285,705,10.5,0,0,1,Graduate,1
71360,147769,710,5.5,2,0,0,Graduate,1
23314,22676,675,9.4,1,1,0,Graduate,1
35999,69391,890,6.6,1,3,0,Graduate,1
62622,66409,738,1.8,0,0,0,Graduate,1
32088,123766,604,7.0,4,0,1,Graduate,0
102015,390260,775,4.8,1,0,0,Graduate,1
66456,139451,685,0.1,2,1,1,Not Graduate,0
27153,20000,619,7.7,1,3,0,Not Graduate,1
68032,123223,761,10.2,0,3,0,Graduate,1
25332,92026,813,3.6,2,0,0,Not Graduate,1
49112,74064,699,3.3,2,2,0,Graduate,1
76013,203481,592,2.8,0,0,0,Graduate,0
69888,79937,690,6.3,1,2,1,Graduate,1
46949,159068,594,1.2,0,2,0,Graduate,1
41269,149460,700,7.4,0,0,0,Not Graduate,0
27477,72894,748,1.7,2,0,0,Graduate,1
53707,144105,502,1.5,3,0,0,Not Graduate,0
73295,133760,744,8.3,0,0,0,Graduate,1
137635,409440,646,1.0,1,0,1,Graduate,0
39024,84862,629,9.9,2,1,0,Graduate,1
74857,232745,561,19.1,2,1,0,Graduate,0
71843,279454,583,1.9,1,0,0,Not Graduate,1
38629,130500,839,13.1,1,0,1,Graduate,1
70297,162432,756,4.2,2,3,0,Graduate,1
32592,127960,797,1.5,0,0,0,Graduate,1
55743,146314,603,3.0,1,1,0,Graduate,0
44106,32067,842,8.0,1,1,0,Graduate,1
61192,187021,674,5.5,1,1,0,Graduate,1
63677,214607,609,3.4,0,0,1,Not Graduate,1
37633,36577,583,1.5,1,0,0,Graduate,0
48784,140377,586,6.5,0,1,0,Graduate,0
45967,171145,613,1.9,2,2,1,Graduate,0
28432,39236,600,2.0,0,3,1,Graduate,0
40746,103801,761,6.9,2,0,0,Graduate,1
36698,53618,900,4.1,2,0,0,Not Graduate,1
27902,89577,658,1.0,3,0,0,Graduate,1
32797,83052,660,5.8,1,2,0,Graduate,0
43082,86090,513,1.5,0,0,0,Graduate,0
50388,30306,597,7.1,2,1,1,Graduate,0
26322,100203,534,3.3,0,0,0,Not Graduate,0
89335,200297,753,4.5,0,2,0,Not Graduate,1
66614,220785,854,4.6,3,0,0,Graduate,1
46976,87922,583,0.8,0,1,1,Graduate,0
26650,92525,662,5.3,1,1,1,Graduate,1
44078,46729,658,10.1,2,0,0,Graduate,1
42761,56026,742,11.1,0,0,0,Graduate,1
28560,47606,689,5.8,3,2,0,Graduate,1
27423,22215,870,17.4,0,1,0,Graduate,1
71914,147672,613,4.6,1,1,1,Graduate,0
41689,91747,761,1.5,0,3,0,Graduate,1
76327,68832,626,5.4,1,0,0,Not Graduate,1
48699,97147,536,12.0,1,2,0,Graduate,1
71385,84986,808,2.2,4,1,1,Not Graduate,1
70204,250154,849,1.5,2,1,0,Graduate,1
61903,141296,717,17.0,2,0,0,Graduate,1
88549,339309,623,7.3,0,2,0,Graduate,0
51543,87365,578,0.3,2,0,0,Not Graduate,0
23217,39350,730,4.1,1,0,0,Graduate,1
25144,42381,489,1.3,1,1,0,Graduate,0
35369,50896,758,1.7,2,1,0,Graduate,1
71038,230507,642,0.5,4,0,0,Graduate,0
40134,59783,640,1.3,0,2,0,Graduate,0
54320,81918,583,3.5,2,0,0,Not Graduate,0
64077,42556,551,0.4,3,0,1,Graduate,0
53221,206430,675,11.0,0,0,1,Not Graduate,0
15591,56158,698,7.5,1,1,0,Graduate,1
27080,41264,672,2.4,2,3,0,Graduate,0
118534,275319,779,0.7,4,2,0,Graduate,1
57701,126343,685,25.6,3,1,0,Graduate,1
15000,20000,744,4.1,0,1,0,Graduate,1
50760,119752,548,2.7,3,1,0,Not Graduate,0
120731,108252,640,1.1,1,1,0,Graduate,1
56213,113511,814,1.1,1,2,1,Graduate,1
50121,40464,767,8.0,2,0,0,Graduate,1
19650,50327,710,3.7,2,0,0,Graduate,1
42811,28749,646,20.7,1,0,1,Graduate,1
21556,58189,596,15.3,1,0,0,Graduate,0
26603,79150,632,1.2,1,3,0,Graduate,0
23728,59273,737,35.0,0,1,0,Not Graduate,1
116976,250704,502,21.6,2,0,0,Not Graduate,0
70546,50283,842,8.0,3,0,0,Not Graduate,1
98764,53307,791,2.5,0,3,0,Graduate,1
25293,42960,789,1.3,2,1,0,Graduate,1
53927,172532,735,0.5,1,0,0,Graduate,1
29613,81893,690,0.3,0,0,1,Not Graduate,0
31240,29318,714,8.6,0,0,0,Graduate,1
61990,180253,647,14.6,1,1,0,Graduate,1
53605,134667,871,7.4,1,1,0,Not Graduate,1
56563,61288,668,7.1,0,0,1,Graduate,1
26159,82231,637,2.7,2,0,0,Graduate,1
52250,177967,656,5.1,1,0,1,Graduate,0
58329,76641,615,5.6,4,1,0,Graduate,0
34975,95329,753,1.5,0,2,0,Graduate,1
42789,78024,633,6.7,2,2,0,Graduate,0
21533,20000,669,0.8,0,1,0,Graduate,0
16683,58636,800,1.7,0,2,0,Graduate,0
133808,451281,776,4.5,0,0,1,Graduate,1
54308,87587,588,3.9,0,0,1,Graduate,1
40968,96695,786,6.1,0,0,0,Graduate,1
73066,167562,553,4.4,0,0,1,Not Graduate,0
31728,35570,545,0.3,0,3,1,Graduate,0
51796,52307,651,19.0,2,2,0,Graduate,1
85231,294469,706,7.2,1,0,0,Graduate,1
28253,99897,660,10.6,1,0,0,Not Graduate,1
38330,116453,720,8.1,0,0,0,Graduate,1
24578,20000,646,1.2,0,1,0,Graduate,1
74430,274050,495,13.5,1,0,0,Graduate,0
54322,213629,663,20.7,4,0,0,Graduate,1
88066,283102,543,0.4,1,2,0,Not Graduate,0
74713,129773,680,0.9,0,2,0,Graduate,0
43014,82597,567,23.2,0,0,1,Graduate,1
60198,213324,727,1.7,1,0,0,Graduate,1
60520,89610,802,8.6,1,0,0,Graduate,1
70737,70490,524,0.4,2,1,0,Not Graduate,0
102049,344907,496,6.6,1,0,0,Graduate,0
28417,33438,653,6.0,1,0,1,Graduate,1
19184,70512,782,13.9,2,2,1,Graduate,1
28981,74912,694,6.5,0,0,0,Graduate,0
62093,151743,642,0.2,0,0,1,Not Graduate,0
60287,193832,583,3.0,2,2,1,Graduate,0
36886,20569,745,2.1,1,1,0,Graduate,1
42792,128265,818,4.2,1,1,0,Graduate,1
32301,83812,512,2.8,2,0,1,Not Graduate,0
46465,108413,706,1.6,3,2,0,Graduate,1
34653,43685,900,5.4,1,0,1,Not Graduate,1
111124,378158,625,1.9,2,0,0,Not Graduate,0
94980,130813,663,9.5,1,0,0,Graduate,1
70396,155872,677,2.0,0,2,0,Graduate,0
49793,52446,643,3.6,4,3,0,Not Graduate,0
86647,338616,779,8.7,2,1,0,Graduate,1
51502,60817,842,8.7,2,3,0,Graduate,1
53135,175943,527,4.4,1,0,0,Not Graduate,0
20661,29355,596,2.4,3,0,1,Graduate,1
55845,77968,792,4.1,1,0,0,Graduate,1
25704,50791,734,9.5,2,0,0,Graduate,1
40078,138689,719,1.2,0,1,0,Graduate,1
53342,155036,743,0.7,0,0,0,Graduate,1
31277,111058,689,4.4,1,0,0,Graduate,1
62278,41430,723,4.3,1,1,1,Graduate,1
82939,318896,651,1.7,2,0,1,Graduate,1
31511,24263,659,2.8,0,0,0,Graduate,1
51984,157186,671,0.5,2,0,0,Graduate,1
26285,32202,643,0.7,3,1,0,Not Graduate,1
27352,94171,722,8.8,2,2,0,Graduate,1
57241,201387,707,3.1,1,2,0,Graduate,1
70033,170136,512,0.5,2,0,0,Graduate,0
23049,44025,662,16.3,3,1,0,Graduate,1
136534,447394,682,1.2,1,0,1,Graduate,0
38237,136090,818,1.9,2,0,1,Not Graduate,1
54377,167694,654,18.0,1,1,1,Graduate,1
37532,137899,689,1.0,1,1,1,Graduate,0
42523,114509,673,17.3,0,0,0,Graduate,1
104733,298139,799,6.4,3,0,0,Graduate,1
104061,260311,572,2.8,0,0,0,Graduate,0
21478,47435,609,4.5,0,0,0,Not Graduate,0
36981,103252,603,3.5,0,0,1,Not Graduate,0
214340,528144,681,8.2,0,2,1,Graduate,0
39478,120776,546,0.3,3,0,0,Graduate,0
60557,228289,812,8.4,4,0,0,Not Graduate,0
86525,156236,717,17.6,3,0,0,Graduate,1
75104,145633,733,2.8,0,1,1,Graduate,1
15000,20000,869,1.1,0,1,0,Not Graduate,1
57929,135823,649,0.6,0,0,0,Graduate,1
117554,112841,757,2.1,2,0,1,Graduate,1
49747,149539,732,0.7,0,1,1,Graduate,0
29127,94037,819,1.3,3,0,0,Graduate,1
29406,89087,742,5.3,2,0,0,Graduate,1
44377,107092,634,2.7,0,0,0,Graduate,1
68707,162820,718,11.6,2,2,1,Graduate,1
207901,574418,622,3.1,1,0,0,Graduate,0
42409,103539,638,0.8,0,0,1,Not Graduate,0
64925,202956,679,0.7,1,1,0,Not Graduate,1
22645,82222,663,5.9,2,1,1,Graduate,0
21110,50168,600,5.0,3,0,0,Graduate,0
38236,33885,476,6.2,0,2,0,Graduate,0
61250,58715,707,2.1,1,0,0,Graduate,0
46950,85248,713,12.3,1,3,0,Not Graduate,1
50344,112620,713,0.6,0,1,0,Graduate,1
42734,55028,852,0.2,0,2,0,Graduate,1
48346,100782,542,6.8,2,0,0,Graduate,1
42323,41268,820,5.7,2,0,1,Not Graduate,1
24964,33524,900,3.4,2,0,0,Graduate,1
23254,71364,839,0.2,3,0,0,Not Graduate,1
96732,382043,649,0.6,1,0,0,Not Graduate,0
32480,37408,721,1.1,2,0,1,Graduate,1
43466,73320,611,5.1,0,0,0,Graduate,1
88874,153521,619,5.4,4,0,0,Graduate,1
42838,54903,835,5.6,3,2,1,Graduate,1
76019,92303,743,8.1,2,1,0,Graduate,1
31445,30216,748,0.1,1,0,0,Graduate,1
106691,392229,579,5.2,1,1,0,Graduate,1
54913,152263,547,1.4,0,1,0,Graduate,1
48367,73356,775,4.2,0,0,0,Graduate,1
45143,63351,718,6.7,0,0,0,Graduate,1
71863,184260,653,6.4,0,2,0,Graduate,1
55167,162205,836,1.7,1,1,1,Not Graduate,1
15000,20783,733,2.2,0,0,0,Graduate,1
39182,67200,603,12.5,1,0,0,Not Graduate,1
57583,87362,506,9.4,0,1,0,Graduate,1
30209,24378,734,1.5,1,0,0,Graduate,1
38104,70601,638,4.4,2,0,0,Graduate,1
40376,95596,668,0.6,0,0,0,Graduate,1
108824,304031,660,5.3,0,0,0,Graduate,1
66099,129460,809,4.9,2,1,0,Not Graduate,1
57787,227785,756,1.5,0,0,1,Not Graduate,0
27367,73630,671,2.7,2,1,0,Graduate,1
34810,125421,669,7.6,1,3,0,Graduate,1
74992,277915,706,1.5,0,2,0,Graduate,1
68190,230134,799,7.3,3,0,1,Graduate,1
24095,34815,687,1.9,0,0,0,Graduate,1
98686,198308,628,9.1,1,1,0,Graduate,1
31878,20000,572,0.2,1,0,0,Graduate,0
58639,121965,672,1.5,0,3,0,Graduate,0
192289,293843,572,1.0,1,3,0,Graduate,1
39768,35458,711,11.1,2,2,1,Graduate,1
53304,183102,721,2.8,3,1,0,Graduate,1
37072,105916,787,3.9,2,1,0,Graduate,1
53510,213873,661,1.4,1,1,0,Not Graduate,0
99964,224355,773,0.7,3,0,0,Not Graduate,1
44477,73719,825,4.6,1,2,1,Graduate,1
42313,60226,687,1.7,3,0,0,Not Graduate,1
85116,172256,881,13.2,2,2,0,Graduate,1
26066,41303,809,3.2,1,2,0,Not Graduate,1
51101,202751,637,0.7,0,0,0,Graduate,0
34069,38832,900,0.1,1,0,0,Graduate,1
43522,24675,674,1.3,3,2,0,Graduate,1
31455,30040,806,1.9,1,3,0,Graduate,1
23995,86870,737,1.2,2,2,0,Graduate,0
16248,47587,707,2.3,0,2,0,Graduate,1
39091,126806,798,10.6,0,2,1,Graduate,1
54939,89091,694,0.2,0,3,0,Graduate,1
73616,197252,673,8.1,1,0,0,Graduate,1
25141,74862,676,2.8,1,0,0,Graduate,1
52900,86885,577,11.8,3,1,0,Not Graduate,1
64837,196834,776,5.5,0,0,0,Not Graduate,1
58694,158698,621,0.9,1,1,0,Graduate,1
55764,85699,699,16.0,1,1,1,Graduate,0
16628,20000,682,0.8,3,2,0,Not Graduate,0
46175,61530,735,2.0,2,0,0,Graduate,1
47045,125534,679,19.3,1,1,0,Graduate,1
64389,167192,656,1.2,1,2,0,Graduate,0
98100,223352,717,5.0,2,0,1,Not Graduate,0
43064,59435,710,19.0,0,1,1,Graduate,1
41255,84815,584,5.8,2,1,1,Not Graduate,0
52327,52544,670,5.4,0,0,0,Graduate,0
49558,139670,794,4.9,0,0,0,Graduate,1
60854,215548,900,4.1,1,1,0,Not Graduate,1
63866,135581,526,14.9,4,0,0,Graduate,1
44889,55909,754,3.9,4,0,1,Graduate,1
62920,213777,690,5.4,3,2,0,Graduate,1
43941,70121,627,6.7,0,0,1,Not Graduate,0
23737,61214,641,3.8,3,3,1,Graduate,0
27499,21008,595,10.9,2,0,0,Graduate,1
15253,45953,557,0.1,1,0,0,Graduate,0
112573,237793,715,2.5,0,1,0,Not Graduate,1
93212,184719,840,4.8,2,0,0,Graduate,1
82236,310189,712,0.1,0,0,0,Graduate,0
43994,97676,695,13.8,2,2,0,Graduate,1
79885,44626,624,8.8,2,1,0,Graduate,1
76795,296380,596,1.2,1,0,0,Graduate,1
23692,20000,682,2.0,3,0,0,Graduate,1
33087,78599,587,5.7,0,1,0,Graduate,1
64135,174292,781,2.1,1,1,0,Graduate,1
38386,139369,628,9.7,2,0,0,Graduate,1
34420,99033,604,1.4,2,1,1,Graduate,0
73999,247080,883,8.5,1,0,0,Not Graduate,1
32398,103502,797,3.1,0,0,0,Not Graduate,1
169533,211470,572,3.0,0,0,0,Not Graduate,1
108786,321096,601,0.9,2,0,1,Not Graduate,0
44058,120347,662,20.5,0,0,0,Not Graduate,1
91565,123970,666,2.1,2,1,0,Not Graduate,0
53813,51077,639,1.1,0,0,1,Not Graduate,0
39818,124661,800,0.2,2,1,0,Graduate,1
131799,513877,699,3.4,0,1,0,Graduate,1
59590,183807,677,0.2,1,2,1,Graduate,0
31343,97887,625,3.0,2,0,0,Not Graduate,0
61699,66849,585,11.6,2,3,0,Graduate,1
113406,154764,624,3.4,0,0,1,Graduate,0
49078,125158,601,0.2,1,1,0,Not Graduate,0
54436,33207,567,1.5,1,1,0,Not Graduate,1
42198,119747,777,0.2,1,1,0,Graduate,1
58454,58853,764,10.7,2,2,1,Graduate,1
30065,58532,646,1.4,0,0,0,Not Graduate,0
32933,53374,799,0.3,0,1,0,Not Graduate,1
41309,36046,733,16.7,0,1,0,Graduate,1
53308,134640,583,3.3,0,0,0,Graduate,0
85495,150845,549,2.6,0,0,0,Graduate,0
45543,29783,708,13.1,3,0,0,Graduate,1
74141,152394,723,3.8,0,1,1,Graduate,1
39335,100929,564,1.7,0,0,0,Graduate,0
65798,62933,633,7.9,1,2,1,Not Graduate,1
89276,227430,757,1.6,3,0,1,Graduate,0
46278,72059,821,2.9,4,1,0,Graduate,1
58433,82318,688,8.1,2,0,0,Graduate,0
36564,120085,685,13.4,0,0,0,Graduate,1
65724,140459,639,4.7,0,0,0,Graduate,1
15000,27341,814,3.5,0,1,1,Graduate,1
21743,72741,730,0.4,0,0,0,Not Graduate,1
65277,240626,604,4.8,2,0,0,Graduate,0
21634,34675,750,2.0,4,2,0,Graduate,1
38389,25966,617,3.6,0,0,0,Graduate,1
98883,236578,594,6.8,1,0,0,Graduate,0
75505,226745,640,5.1,3,1,1,Graduate,0
162341,415149,603,0.5,2,0,0,Graduate,0
50904,148038,599,2.5,3,0,0,Not Graduate,0
47034,129981,554,1.1,3,1,0,Not Graduate,0
49270,189492,617,0.8,1,2,0,Graduate,0
30871,108997,632,1.2,2,0,0,Graduate,0
44065,42366,558,12.7,2,0,0,Graduate,1
26101,54398,729,6.2,1,3,0,Graduate,1
88128,184336,521,11.9,0,1,0,Not Graduate,0
70914,148719,646,3.5,2,0,0,Graduate,0
27440,103105,740,0.0,2,0,0,Not Graduate,1
35154,57834,782,0.2,1,1,1,Not Graduate,1
59593,157918,628,0.8,1,0,1,Graduate,1
56137,204177,771,7.6,0,1,0,Graduate,1
29006,20000,647,1.1,2,1,1,Graduate,0
50668,181136,883,0.5,0,1,0,Graduate,1
65229,207255,549,9.9,1,0,0,Graduate,0
66172,81230,589,1.3,1,0,0,Graduate,0
113815,186575,694,3.5,2,2,1,Graduate,0
55550,88160,566,2.1,1,0,0,Graduate,1
26359,33597,616,11.3,0,0,0,Graduate,1
28789,78732,721,6.1,3,3,1,Graduate,1
91866,361944,697,3.0,0,0,0,Graduate,1
109696,118816,677,9.9,0,2,0,Graduate,1
48174,63236,678,6.5,0,2,0,Graduate,0
59349,89991,458,8.3,1,0,0,Graduate,1
51356,194201,693,19.0,1,1,0,Graduate,0
42233,113622,623,1.1,2,0,1,Graduate,0
23260,28943,647,1.1,0,1,1,Not Graduate,0
62233,206237,537,4.1,2,1,0,Not Graduate,0
119488,445699,741,3.8,0,0,0,Graduate,0
53376,102057,730,10.2,1,0,0,Graduate,1
42151,46571,575,0.8,3,2,0,Not Graduate,0
39504,62603,696,2.8,1,3,0,Graduate,1
62847,79181,828,3.8,4,3,0,Graduate,1
87165,105033,693,3.1,1,1,0,Graduate,1
63981,70235,499,0.3,2,0,0,Graduate,0
19248,68642,629,0.8,1,0,0,Graduate,1
117147,93789,691,0.8,1,1,0,Not Graduate,1
74357,144752,870,4.5,0,0,0,Not Graduate,1
44799,24710,571,2.8,0,2,0,Graduate,1
37603,57416,667,1.0,1,2,1,Graduate,1
39208,116614,584,6.7,1,1,0,Not Graduate,0
75457,91298,759,8.1,4,0,0,Graduate,1
18256,72944,647,1.2,3,1,0,Graduate,0
63377,42402,434,6.4,2,0,0,Graduate,0
56403,55145,645,0.3,0,0,0,Not Graduate,0
56010,182263,670,9.7,1,1,0,Graduate,0
27408,107331,715,16.4,0,1,0,Graduate,1
20910,80273,696,0.8,1,0,1,Graduate,0
150572,495957,739,7.7,0,3,1,Graduate,1
52390,204606,669,0.5,1,0,0,Graduate,1
129053,444301,688,16.3,1,1,0,Not Graduate,1
77009,54144,681,3.0,0,2,0,Not Graduate,1
51855,179404,643,3.8,2,1,0,Graduate,1
55047,120732,731,7.2,2,0,1,Graduate,1
84134,176567,756,1.4,0,0,0,Graduate,1
89000,45287,676,2.5,4,0,1,Not Graduate,1
62193,166111,636,0.4,1,0,0,Graduate,0
84659,241331,583,4.8,0,0,0,Not Graduate,1
86696,283281,712,8.0,1,1,0,Graduate,1
57805,94848,590,9.5,4,2,0,Not Graduate,1
36247,34379,694,3.8,3,0,0,Graduate,1
62854,128188,692,7.3,0,1,0,Not Graduate,0
33720,59618,776,0.8,3,1,1,Graduate,1
40530,127101,805,6.8,1,1,0,Graduate,1
59801,77923,407,0.0,0,0,1,Graduate,0
47117,46344,662,1.1,2,0,0,Graduate,0
94633,193114,491,5.0,1,1,1,Not Graduate,0
35235,95062,785,1.9,1,0,0,Graduate,1
16915,25093,678,2.6,1,0,0,Graduate,1
94374,84985,784,8.7,1,3,0,Graduate,1
50199,102251,703,4.2,2,3,0,Not Graduate,1
51407,198769,558,2.5,1,0,1,Not Graduate,0
33051,128421,593,3.1,0,1,0,Not Graduate,0
19114,56968,668,9.4,2,1,0,Graduate,1
32552,104817,731,3.3,0,0,0,Not Graduate,1
65186,79024,685,10.4,4,0,0,Graduate,1
44330,80295,696,1.4,1,1,0,Not Graduate,1
41511,108620,648,3.8,0,0,1,Graduate,0
20959,65529,782,2.3,1,0,0,Not Graduate,1
121254,131341,693,4.5,1,2,0,Graduate,0
47589,100017,684,4.3,0,0,1,Graduate,1
158096,169106,707,4.2,0,1,0,Graduate,1
58888,159983,643,3.8,4,2,0,Graduate,0
106461,340950,648,3.0,1,3,1,Graduate,1
34238,116978,723,12.1,0,1,1,Not Graduate,1
22990,70425,750,1.6,1,1,0,Graduate,1
44656,47202,759,2.8,0,2,0,Graduate,1
64861,220492,662,1.2,0,0,1,Graduate,1
68481,114393,691,2.0,0,1,0,Graduate,1
59710,204519,625,1.4,2,0,1,Not Graduate,0
154182,212486,751,5.5,0,1,1,Graduate,1
59630,129097,595,6.1,1,1,0,Graduate,0
41980,105707,700,1.6,0,0,1,Graduate,0
43618,27110,759,20.6,1,2,0,Graduate,1
32772,120043,691,1.7,1,0,1,Graduate,0
56760,130003,707,8.8,1,0,0,Graduate,1
84186,98678,655,1.7,1,2,0,Not Graduate,1
99160,105391,513,2.7,2,0,0,Not Graduate,0
42260,122676,619,5.5,2,1,0,Not Graduate,1
47742,37529,684,4.1,0,0,1,Graduate,1
35568,72537,618,3.5,1,0,0,Not Graduate,1
79551,190205,724,7.9,3,1,0,Graduate,1
26442,34797,548,6.2,0,0,0,Graduate,0
34166,32533,506,12.3,4,1,0,Graduate,1
15000,33262,743,1.3,2,2,1,Not Graduate,1
27184,45972,652,0.1,1,2,0,Graduate,0
36478,36144,711,35.0,1,2,1,Graduate,1
37972,46945,633,1.7,0,0,0,Graduate,0
25657,55118,731,0.2,0,1,0,Graduate,1
27864,26907,802,1.4,1,1,0,Not Graduate,1
92114,347862,809,5.5,0,2,0,Not Graduate,1
33191,106679,622,4.4,0,0,0,Graduate,0
19838,32524,642,1.2,4,1,0,Graduate,1
29102,40867,695,1.0,0,0,0,Graduate,1
29296,104296,848,2.9,2,0,0,Graduate,1
47327,94381,576,0.1,1,0,0,Graduate,1
58677,206515,577,0.0,1,1,1,Graduate,0
24915,77200,758,4.8,2,0,0,Graduate,1
56963,46847,620,2.0,0,0,1,Graduate,1
98703,330419,739,0.1,2,0,0,Graduate,1
81472,194684,627,3.1,3,0,0,Graduate,1
65487,188053,712,13.7,0,0,0,Graduate,1
60106,76125,634,1.5,0,2,0,Graduate,1
41838,20959,590,1.4,0,1,0,Not Graduate,0
99652,166210,693,3.2,3,0,0,Not Graduate,1
60756,70914,571,0.8,2,0,0,Graduate,1
32788,66338,721,5.1,1,2,0,Not Graduate,1
45461,37194,659,9.1,1,2,0,Graduate,0
34967,127022,558,1.1,1,1,1,Graduate,0
45733,41870,707,5.4,1,0,0,Not Graduate,1
90015,285766,705,10.9,1,1,0,Graduate,1
44885,170008,468,11.7,0,1,0,Graduate,0
32949,33568,675,4.0,0,1,0,Not Graduate,1
82482,141265,681,0.8,2,1,0,Graduate,1
92806,283867,688,5.4,0,0,0,Not Graduate,0
33101,99324,516,6.6,1,2,0,Not Graduate,0
102741,64818,712,7.0,0,3,0,Not Graduate,1
79321,59286,726,13.6,1,0,0,Graduate,1
37199,34241,596,4.8,0,2,1,Graduate,0
90170,224349,554,3.1,1,1,0,Not Graduate,0
26478,20000,592,3.5,1,2,0,Graduate,0
38528,98610,692,1.9,2,2,1,Not Graduate,0
28354,48163,569,0.3,0,0,0,Graduate,0
30082,85521,558,6.3,0,0,0,Not Graduate,1
75023,242859,869,0.1,2,0,0,Graduate,1
48663,159123,680,0.3,1,0,1,Graduate,1
28126,20000,652,2.0,3,0,0,Graduate,0
36505,139272,620,13.4,4,0,0,Graduate,1
35161,89774,642,3.3,3,0,0,Not Graduate,0
55572,202000,842,1.2,0,0,0,Graduate,1
152750,405248,753,11.4,0,0,0,Graduate,1
54332,119227,895,4.2,2,0,0,Graduate,1
56160,171516,715,2.3,1,0,0,Graduate,0
105935,134323,594,6.3,0,2,0,Graduate,0
37368,32185,704,2.9,0,2,0,Not Graduate,0
95458,77965,729,6.5,1,0,0,Graduate,1
39646,137650,735,1.2,3,1,0,Graduate,1
40941,151220,640,0.8,1,2,0,Graduate,1
41571,139281,842,3.1,1,1,1,Graduate,1
46467,170325,566,1.9,2,1,1,Graduate,0
44915,177268,711,4.6,2,3,0,Not Graduate,1
58637,137282,654,7.8,3,0,0,Not Graduate,0
39650,41180,610,11.6,0,0,1,Graduate,1
51546,135449,702,7.1,4,1,0,Graduate,0
21899,38073,793,2.1,0,1,0,Graduate,1
72490,124145,716,6.5,0,0,1,Not Graduate,1
86337,263097,705,3.8,1,2,0,Graduate,1
54764,44757,498,11.8,0,2,0,Not Graduate,0
71248,44983,763,6.1,0,0,0,Graduate,1
32250,94605,643,0.8,4,1,0,Graduate,0
104693,147885,728,0.4,0,2,1,Graduate,0
53911,99696,763,3.9,4,0,1,Graduate,1
21970,34640,697,2.3,1,0,0,Graduate,1
90012,238706,500,0.9,4,2,1,Not Graduate,0
70183,73047,807,8.0,3,0,0,Not Graduate,1
124968,377662,842,2.4,1,0,1,Graduate,1
112638,420957,753,0.4,1,0,0,Graduate,1
95885,328539,615,1.5,4,2,0,Graduate,0
62130,228306,791,5.6,1,0,0,Not Graduate,1
70018,264652,655,5.2,0,0,1,Not Graduate,0
28586,51546,674,1.5,4,1,1,Not Graduate,0
42681,140209,788,2.1,0,0,0,Not Graduate,0
217971,486487,738,0.3,0,0,0,Graduate,1
20664,29844,468,15.3,2,0,0,Not Graduate,0
57246,178270,699,2.0,1,1,0,Graduate,1
48063,65100,787,13.3,1,0,0,Not Graduate,1
75107,66370,557,8.4,1,0,1,Graduate,0
54139,160585,768,2.0,0,2,1,Not Graduate,1
89975,135542,530,5.9,2,0,0,Graduate,0
49393,77583,661,3.2,1,2,1,Not Graduate,0
72195,258744,729,18.8,1,1,0,Graduate,1
58856,57348,657,5.1,3,2,1,Graduate,0
42370,134608,786,3.7,2,0,1,Not Graduate,1
39458,73065,553,5.1,1,0,0,Graduate,0
92868,336695,753,1.2,1,1,0,Graduate,1
67002,136764,685,1.8,2,0,0,Graduate,1
80668,155817,603,6.2,1,1,0,Graduate,0
91803,184021,719,0.4,2,0,1,Graduate,1
37839,129862,674,1.8,1,0,0,Not Graduate,1
42813,22981,813,4.8,1,2,0,Graduate,1
41341,122658,733,27.2,4,1,0,Not Graduate,1
82089,100013,717,13.0,0,1,0,Graduate,1
51300,184034,619,8.9,1,0,0,Graduate,0
53725,97550,693,3.5,3,1,0,Graduate,0
28930,48786,628,8.2,3,0,1,Not Graduate,0
74015,221614,674,4.1,2,3,1,Graduate,1
75250,227901,792,3.1,1,0,0,Graduate,1
64894,176380,654,1.3,2,2,0,Graduate,1
53178,87974,550,15.1,0,2,0,Not Graduate,1
82588,217722,725,4.6,1,0,1,Not Graduate,1
47834,33002,751,5.6,1,0,1,Not Graduate,1
99687,383112,823,0.8,0,2,0,Not Graduate,1
70083,146088,758,2.8,3,1,0,Graduate,0
26079,40831,656,16.7,1,0,0,Graduate,1
45854,161074,703,7.1,3,2,0,Graduate,1
57669,94265,715,10.7,1,2,1,Not Graduate,1
34603,138068,719,2.5,1,0,1,Graduate,1
84102,245332,457,0.3,0,2,1,Graduate,0
18251,50619,628,2.2,1,1,0,Graduate,1
73269,75577,723,2.4,1,0,0,Not Graduate,1
69229,182385,779,1.8,3,0,1,Graduate,0
18147,20000,623,3.7,1,3,0,Graduate,0
51625,167398,643,1.1,1,0,0,Graduate,0
39439,38824,659,13.9,2,0,0,Graduate,1
99585,174862,668,11.9,0,1,0,Not Graduate,0
32249,69935,757,1.5,3,0,0,Not Graduate,0
73100,242560,614,5.3,1,1,0,Graduate,0
80754,219219,758,3.5,1,0,0,Not Graduate,1
40284,125600,808,1.4,1,0,1,Graduate,1
93795,126990,645,11.4,1,1,0,Graduate,1
39825,52983,641,1.3,0,1,1,Graduate,1
95442,174865,694,4.9,1,1,1,Graduate,0
180264,101918,627,2.0,1,1,0,Not Graduate,0
78051,265957,672,8.7,1,0,0,Graduate,1
66575,119495,548,4.8,1,0,1,Graduate,0
38694,28496,757,8.9,2,0,1,Graduate,1
124061,440757,830,2.1,2,0,0,Graduate,1
76429,297110,619,0.1,1,2,1,Graduate,0
38940,107594,532,1.3,0,1,0,Graduate,0
103731,181328,763,8.4,2,0,0,Graduate,1
51789,100894,642,1.9,2,0,1,Graduate,0
68763,96031,620,1.9,2,2,0,Graduate,1
39927,119359,669,3.0,0,3,0,Graduate,0
30660,53540,570,1.6,3,1,0,Graduate,1
31467,20000,723,8.2,0,1,0,Graduate,1
40510,26800,566,1.9,0,2,0,Graduate,0
63360,168007,573,4.6,1,1,0,Not Graduate,0
42233,64040,572,3.0,4,1,0,Not Graduate,0
33003,35976,695,1.7,0,2,0,Not Graduate,1
30468,74138,517,1.5,2,0,0,Graduate,0
92341,136159,868,3.5,0,1,0,Not Graduate,1
46108,34889,646,1.2,0,0,0,Graduate,0
18420,21690,490,2.1,0,0,0,Not Graduate,0
48831,157368,585,0.2,1,2,0,Graduate,0
39827,138680,734,7.8,0,1,0,Graduate,1
54297,192893,801,0.2,0,0,0,Graduate,1
36916,87561,695,10.3,0,1,0,Graduate,1
93287,357134,688,0.2,2,3,0,Graduate,1
45402,46802,542,9.4,0,2,0,Not Graduate,0
44126,126829,814,5.2,1,1,0,Graduate,1
41855,124098,730,3.5,0,1,0,Graduate,1
62121,42624,709,0.8,1,1,0,Graduate,1
59723,88901,682,1.5,2,1,0,Graduate,1
40319,154086,728,5.9,0,2,1,Graduate,1
49609,156596,608,3.6,1,0,0,Graduate,0
43196,29867,765,3.6,0,1,0,Graduate,1
74971,179389,752,0.7,2,0,0,Not Graduate,1
25735,71290,671,3.2,2,1,1,Not Graduate,0
41345,161483,656,4.5,0,0,0,Graduate,0
44455,133698,486,0.7,0,2,1,Graduate,0
98454,269299,524,18.3,0,1,0,Not Graduate,0
88227,324663,729,8.9,1,2,1,Graduate,1
59640,167783,761,1.9,1,2,0,Graduate,1
29816,112180,776,4.1,0,2,0,Graduate,1
50444,112224,559,4.1,1,0,0,Not Graduate,0
125470,378290,886,0.6,0,0,1,Graduate,1
45508,123380,770,2.9,1,0,0,Not Graduate,0
52277,127234,628,1.2,0,1,0,Graduate,1
53810,87943,695,2.0,4,0,0,Graduate,1
32052,117414,527,14.4,0,2,0,Not Graduate,0
32712,47275,624,4.0,0,0,1,Not Graduate,0
32696,34588,728,0.3,1,1,0,Graduate,0
42229,126357,686,5.6,0,3,0,Graduate,1
61151,147553,837,33.0,2,2,0,Not Graduate,1
53368,75783,547,0.9,2,0,0,Graduate,0
63177,224029,669,5.7,1,0,1,Not Graduate,0
144380,216819,578,8.7,2,1,0,Graduate,1
179410,129756,818,9.3,2,1,0,Graduate,1
51376,28451,704,6.1,0,1,0,Graduate,1
77776,290106,681,12.0,3,0,0,Graduate,1
68156,130016,668,0.2,3,0,0,Graduate,0
83991,104755,601,0.3,0,0,0,Graduate,0
82524,205061,788,0.7,2,0,1,Not Graduate,1
37643,83100,695,0.2,3,0,1,Graduate,0
132014,527983,702,0.6,2,2,0,Not Graduate,0
105403,380481,732,8.5,0,0,0,Graduate,1
79482,115158,602,11.3,0,1,1,Not Graduate,1
69067,203194,860,2.0,4,2,0,Graduate,1
59826,110984,821,15.8,1,0,0,Graduate,1
54318,96444,677,2.7,1,0,0,Graduate,1
72680,129725,653,0.9,3,0,0,Graduate,0
55652,152342,738,5.7,0,0,0,Graduate,1
59218,141114,781,2.7,1,1,0,Not Graduate,1
49603,155885,838,0.1,1,0,0,Graduate,1
45855,47481,738,17.0,0,1,0,Graduate,1
127755,254104,692,4.6,1,0,0,Not Graduate,1
54466,191237,692,4.8,3,3,0,Graduate,1
42517,21729,511,20.3,0,0,0,Graduate,1
56694,152066,641,9.0,2,0,0,Graduate,1
28528,92717,713,2.3,4,0,0,Graduate,1
83551,154025,477,0.2,3,0,0,Graduate,0
52522,188692,696,1.3,1,0,0,Graduate,1
44318,136274,607,2.2,3,0,0,Graduate,1
42105,110364,822,16.1,2,2,0,Graduate,1
23708,28311,654,11.0,2,0,0,Graduate,1
130044,370022,656,0.1,1,0,0,Not Graduate,0
57662,197099,668,21.8,1,1,1,Graduate,1
129122,394426,680,1.5,0,0,0,Graduate,0
46049,115675,751,7.5,0,0,0,Graduate,1
65830,197557,649,0.6,1,3,0,Graduate,0
75702,296686,682,1.2,0,0,1,Graduate,1
66972,36019,752,3.5,1,1,1,Graduate,1
41828,118113,681,6.1,4,2,0,Graduate,1
21623,70825,739,2.1,0,0,0,Graduate,1
162014,443290,640,10.3,3,0,0,Graduate,0
36368,52945,712,14.1,0,0,0,Graduate,1
186330,629732,798,0.7,2,0,1,Graduate,0
38751,143244,734,6.3,0,3,1,Graduate,1
104398,301947,512,0.7,0,0,0,Graduate,0
70203,160667,730,2.1,2,1,1,Not Graduate,1
71828,128006,576,8.6,2,2,0,Graduate,0
38271,63346,597,2.1,1,1,1,Graduate,0
42757,129611,724,11.9,4,1,1,Not Graduate,1
43062,113035,593,2.7,0,2,1,Graduate,1
56240,58995,580,1.9,1,1,0,Graduate,1
46987,46698,680,22.6,1,2,1,Not Graduate,1
40000,29954,625,2.9,1,0,1,Not Graduate,1
32606,94305,533,6.8,2,1,0,Not Graduate,0
34252,54813,730,4.6,3,0,0,Not Graduate,1
64015,36543,769,1.1,2,2,0,Graduate,1
34512,58047,761,3.5,1,1,0,Graduate,1
28296,96558,599,0.4,2,1,0,Graduate,0
52602,71897,717,6.2,0,0,0,Graduate,1
16465,44743,636,3.7,1,0,0,Graduate,1
48864,99627,566,0.7,1,0,0,Graduate,1
50992,123458,613,7.3,0,0,0,Graduate,1
64955,167922,426,8.2,1,0,0,Graduate,0
58137,121612,585,6.6,2,1,0,Graduate,0
25875,20000,548,2.0,1,1,0,Graduate,1
44663,111073,698,6.4,2,1,0,Not Graduate,1
67941,128499,706,4.3,1,1,0,Not Graduate,1
60417,72475,528,3.9,3,2,0,Graduate,0
33159,120625,755,5.2,1,0,0,Graduate,1
60352,185657,625,5.0,2,1,0,Graduate,1
77454,115735,584,8.0,2,0,0,Graduate,0
30087,71798,519,21.3,1,1,1,Graduate,1
18396,71209,608,6.5,1,1,0,Graduate,0
119018,161759,667,2.9,0,1,0,Graduate,1
57392,219001,770,3.1,1,1,0,Graduate,1
39001,112783,671,0.1,0,0,0,Graduate,1
38339,91742,652,0.9,3,0,0,Graduate,1
52754,207916,732,1.3,0,1,0,Graduate,0
82496,137602,693,23.2,0,1,0,Graduate,1
23043,33961,545,7.2,3,0,0,Graduate,0
40116,67739,641,0.8,1,0,1,Not Graduate,0
112082,350592,628,3.4,0,1,1,Not Graduate,0
74036,124345,667,1.2,0,3,0,Graduate,1
70945,60989,637,1.8,2,1,1,Not Graduate,1
60105,165595,607,4.6,1,0,0,Graduate,0
57253,73310,812,4.6,1,0,0,Graduate,1
38790,20000,676,10.3,1,1,1,Not Graduate,1
37082,44389,723,0.9,0,1,1,Graduate,1
73355,246987,669,3.4,1,0,1,Graduate,1
37429,141888,753,4.6,0,0,1,Graduate,1
56496,159138,672,13.3,1,1,0,Not Graduate,1
52885,83913,768,3.6,1,0,0,Not Graduate,1
146670,297410,422,2.1,2,0,0,Graduate,0
45242,53428,689,1.7,1,2,1,Graduate,1
87924,315008,703,1.2,1,3,0,Graduate,0
69818,197554,707,16.4,1,1,0,Not Graduate,1
46230,36773,582,4.6,1,0,0,Not Graduate,1
26318,46958,615,1.8,1,0,1,Not Graduate,0
47740,113767,586,6.8,1,0,0,Not Graduate,0
76851,252889,724,1.7,3,0,0,Graduate,1
26571,98893,761,3.5,1,0,1,Graduate,1
74448,71794,532,0.1,3,0,0,Not Graduate,0
95937,328194,698,9.4,1,1,0,Graduate,0
51431,37557,602,15.7,1,1,0,Graduate,0
77408,103860,837,10.0,4,0,1,Graduate,1
52582,30158,731,0.9,2,0,1,Graduate,1
65231,47188,648,8.7,1,1,1,Graduate,0
103444,63460,668,2.1,2,0,0,Not Graduate,1
22539,22788,797,13.8,1,0,0,Graduate,1
33436,119295,685,1.8,2,0,1,Graduate,1
91614,136816,519,0.5,0,1,1,Graduate,0
100465,218913,817,9.6,4,1,0,Not Graduate,1
24247,53462,753,0.6,1,1,0,Graduate,1
107061,426468,632,3.9,0,0,1,Not Graduate,0
15000,26645,734,2.4,2,1,0,Graduate,1
67023,95699,625,7.1,3,0,1,Graduate,0
54688,211716,622,6.9,2,0,0,Graduate,1
33977,87452,669,7.5,1,1,0,Graduate,0
35039,53021,734,0.3,3,1,1,Graduate,1
35691,53758,722,9.8,1,0,0,Graduate,1
44264,35512,764,3.1,2,0,0,Graduate,0
132325,324070,723,1.2,1,0,0,Graduate,0
73980,224375,811,1.8,2,1,0,Graduate,1
100429,217076,835,11.7,4,1,0,Graduate,1
41729,150039,707,0.0,1,0,0,Graduate,0
55002,120668,650,8.1,2,1,0,Graduate,1
28687,49120,664,12.9,0,1,0,Graduate,1
42650,58760,507,1.4,1,0,0,Graduate,0
37188,50261,682,8.6,0,0,1,Graduate,0
62587,100628,624,0.9,3,2,0,Graduate,0
34426,136738,617,0.1,1,1,0,Graduate,0
32259,56870,677,4.6,1,0,0,Not Graduate,1
59765,139617,491,5.2,4,1,0,Graduate,0
47726,69746,664,0.8,0,2,1,Not Graduate,0
34535,34617,698,3.6,1,0,0,Not Graduate,1
32102,88615,542,2.4,3,1,0,Not Graduate,1
