transaction_id,customer_id,purchase_date,amount
1,1,2023-08-26,2046.39
2,1,2023-04-24,2601.56
3,1,2023-11-06,2448.64
4,1,2023-09-09,2007.19
5,1,2023-04-01,1603.44
6,1,2023-12-21,1009.11
7,1,2023-11-01,1955.12
8,1,2023-10-31,1896.38
9,1,2023-08-17,2021.65
10,1,2023-08-24,414.75
11,2,2023-05-11,234.9
12,3,2023-03-12,1224.97
13,3,2023-06-12,1468.52
14,3,2023-03-12,2393.38
15,3,2023-04-18,3269.43
16,3,2023-09-08,2756.32
17,3,2023-09-10,1802.06
18,3,2023-09-19,1551.26
19,4,2023-03-09,935.31
20,4,2023-07-31,1174.65
21,4,2023-05-01,1353.71
22,4,2023-10-04,818.27
23,5,2023-07-29,1240.33
24,6,2023-08-19,915.18
25,6,2023-08-22,2661.48
26,6,2023-06-19,1241.92
27,6,2023-07-11,1881.02
28,6,2023-06-01,987.55
29,6,2023-05-10,2627.78
30,6,2023-05-20,1353.86
31,6,2023-06-03,2158.5
32,7,2023-07-12,1294.96
33,7,2023-08-25,2226.18
34,7,2023-05-28,2526.95
35,7,2023-06-12,2153.1
36,7,2023-07-08,963.61
37,7,2023-07-15,2149.18
38,7,2023-04-22,1401.44
39,7,2023-07-21,2171.75
40,8,2023-04-16,502.19
41,8,2023-06-20,397.3
42,9,2023-03-17,534.15
43,10,2023-08-16,257.25
44,11,2023-06-30,2252.07
45,11,2023-06-07,2742.28
46,11,2023-03-30,1484.96
47,11,2023-10-01,1818.28
48,11,2023-10-08,2110.31
49,11,2023-03-25,808.18
50,11,2023-05-22,1549.42
51,11,2023-08-26,2769.62
52,11,2023-09-27,2936.64
53,12,2023-02-16,189.99
54,13,2023-04-21,1684.98
55,13,2023-06-21,1186.64
56,13,2023-06-29,161.94
57,14,2023-03-28,1988.62
58,14,2023-10-03,3908.61
59,14,2023-12-06,1911.9
60,14,2023-04-11,1490.5
61,14,2023-06-22,3278.93
62,14,2023-06-03,1516.62
63,14,2023-07-09,2205.48
64,14,2023-07-24,2488.24
65,15,2023-05-14,583.07
66,15,2023-06-10,778.28
67,16,2022-11-11,646.12
68,17,2023-06-16,625.67
69,17,2022-12-19,301.84
70,17,2023-02-01,481.89
71,18,2023-10-05,1860.55
72,18,2023-11-19,50.0
73,18,2023-06-28,753.45
74,18,2023-08-12,1651.15
75,18,2023-07-13,1830.03
76,18,2023-06-04,2244.79
77,18,2023-05-26,1806.82
78,18,2023-08-23,2481.56
79,18,2023-07-16,1885.79
80,18,2023-09-08,1957.45
81,18,2023-11-10,549.69
82,18,2023-02-27,2729.45
83,19,2023-04-08,627.71
84,19,2023-09-03,1208.38
85,19,2023-03-29,477.86
86,19,2023-02-26,568.49
87,20,2023-12-14,587.26
88,21,2023-05-08,380.07
89,21,2023-07-15,144.86
90,22,2023-04-24,909.67
91,22,2023-08-16,784.88
92,22,2023-06-06,921.42
93,22,2023-05-10,704.19
94,22,2023-07-03,1096.48
95,23,2023-07-19,418.66
96,24,2023-07-14,1926.96
97,24,2023-09-06,2015.04
98,24,2023-12-04,2312.28
99,24,2023-07-07,973.85
100,24,2023-06-21,2013.91
101,24,2023-03-06,1786.85
102,24,2023-10-25,1778.16
103,24,2023-07-04,1308.83
104,25,2023-04-26,1343.98
105,25,2023-10-23,2075.45
106,25,2023-01-26,1542.37
107,26,2023-02-28,1536.43
108,26,2023-04-06,1730.64
109,27,2023-08-01,324.79
110,27,2023-07-26,367.2
111,28,2023-04-22,302.83
112,28,2023-04-09,491.63
113,28,2023-10-20,284.96
114,29,2023-03-13,616.98
115,29,2022-10-01,426.24
116,30,2023-01-22,333.97
117,30,2022-12-22,358.01
118,31,2023-01-12,269.74
119,32,2023-05-27,1649.18
120,32,2023-03-17,1035.77
121,32,2023-03-01,2892.6
122,32,2023-05-16,2019.22
123,32,2023-07-14,1843.93
124,32,2023-08-28,2975.35
125,32,2023-02-27,1722.28
126,33,2023-07-21,323.62
127,33,2023-07-28,389.31
128,34,2023-02-23,1795.79
129,34,2023-02-19,854.28
130,34,2023-09-24,1385.76
131,34,2023-10-04,1293.59
132,34,2023-06-18,2116.43
133,34,2023-10-04,1262.11
134,34,2023-08-08,1491.86
135,34,2023-12-05,1733.89
136,34,2023-05-01,2211.8
137,34,2023-06-14,1464.96
138,35,2023-12-12,1090.41
139,35,2023-11-16,2153.19
140,35,2023-04-02,266.74
141,35,2023-04-30,1583.84
142,35,2023-11-04,2525.49
143,35,2023-06-10,1044.02
144,35,2023-10-12,1228.7
145,35,2023-04-20,2494.43
146,35,2023-10-31,1979.26
147,35,2023-11-04,1875.18
148,35,2023-10-06,2199.31
149,35,2023-11-05,1452.75
150,35,2023-12-12,1993.16
151,36,2023-05-17,601.68
152,36,2023-09-05,1239.96
153,36,2023-03-04,745.28
154,36,2023-07-26,746.52
155,37,2023-06-22,1848.68
156,37,2023-05-11,1267.28
157,37,2023-05-25,2152.85
158,37,2023-03-05,2200.06
159,37,2023-11-20,1984.56
160,37,2023-06-02,1776.37
161,37,2023-06-04,2769.49
162,38,2023-03-14,528.09
163,39,2023-03-06,997.76
164,39,2023-09-09,1137.57
165,39,2023-08-02,681.1
166,39,2023-04-25,1028.83
167,39,2023-10-09,844.65
168,39,2023-10-08,422.92
169,40,2023-05-03,50.0
170,40,2023-01-09,2025.79
171,41,2023-11-05,1273.71
172,41,2023-06-16,2324.28
173,41,2023-08-08,1328.83
174,41,2023-05-08,1522.77
175,41,2023-06-15,1031.3
176,41,2023-08-21,1623.26
177,41,2023-11-30,2141.69
178,41,2023-07-10,2825.81
179,41,2023-10-15,1463.07
180,41,2023-07-28,2051.24
181,41,2023-08-02,1434.27
182,41,2023-12-23,3316.59
183,42,2023-05-04,134.9
184,43,2023-06-06,803.8
185,43,2023-03-06,957.81
186,43,2023-03-29,942.04
187,43,2023-07-09,1247.03
188,43,2023-05-09,1185.92
189,43,2023-07-17,712.02
190,44,2023-01-25,1514.55
191,45,2023-04-01,1357.01
192,45,2023-02-04,1572.82
193,46,2023-05-20,139.85
194,47,2023-09-18,572.73
195,47,2023-11-30,1535.57
196,47,2023-08-01,1175.39
197,48,2023-09-03,1178.74
198,48,2023-01-29,977.17
199,49,2023-06-16,146.95
200,50,2023-09-27,2008.37
201,50,2023-04-17,1435.64
202,50,2023-08-25,1936.15
203,50,2023-10-06,1243.8
204,50,2023-04-30,2023.5
205,50,2023-06-14,977.65
206,50,2023-08-20,283.66
207,50,2023-05-03,1167.35
208,51,2023-01-21,929.21
209,51,2023-06-10,720.85
210,51,2023-04-25,1063.19
211,52,2023-08-03,773.41
212,52,2023-04-24,977.14
213,52,2023-03-04,369.16
214,52,2023-11-12,575.64
215,53,2023-04-25,1678.22
216,54,2023-03-13,811.4
217,55,2023-05-22,1266.61
218,55,2023-03-30,1608.06
219,55,2023-06-23,1852.3
220,55,2023-11-19,2329.6
221,55,2023-06-08,1312.22
222,55,2023-11-09,1784.41
223,55,2023-04-22,1351.08
224,56,2023-04-12,258.42
225,57,2023-08-13,1204.41
226,57,2023-05-15,1397.29
227,57,2023-10-07,2244.85
228,58,2023-03-14,1970.14
229,58,2023-09-06,2239.37
230,58,2023-02-06,2215.39
231,58,2023-11-25,1696.46
232,58,2023-03-02,2164.69
233,58,2023-09-07,1099.37
234,58,2023-05-23,1685.24
235,58,2023-06-07,50.0
236,58,2023-05-18,913.53
237,58,2023-02-28,2676.03
238,59,2023-09-02,1007.84
239,59,2023-08-31,1044.66
240,59,2023-03-25,1159.32
241,59,2023-03-10,1084.77
242,60,2023-03-27,2011.18
243,60,2023-05-19,2813.54
244,60,2023-03-22,1183.09
245,60,2023-10-02,1380.5
246,60,2023-08-27,1703.27
247,61,2023-04-25,715.68
248,61,2023-04-29,1132.21
249,61,2023-11-15,736.07
250,61,2023-07-14,374.75
251,61,2023-11-08,861.4
252,62,2023-04-09,577.49
253,62,2023-02-23,1085.2
254,63,2023-12-11,1717.87
255,63,2023-10-18,2300.37
256,63,2023-06-11,854.47
257,63,2023-12-01,1027.74
258,63,2023-04-07,1571.96
259,63,2023-09-16,2029.93
260,63,2023-10-03,2522.67
261,63,2023-11-25,2619.38
262,63,2023-08-18,1694.02
263,64,2023-06-07,1207.27
264,64,2023-08-19,2363.34
265,64,2023-06-03,2813.99
266,64,2023-07-05,2175.64
267,64,2023-05-17,2340.56
268,64,2023-09-20,50.0
269,64,2023-10-19,3090.95
270,65,2023-08-18,1944.78
271,65,2023-02-28,1717.28
272,66,2023-04-08,1181.79
273,66,2023-07-19,604.29
274,66,2023-02-03,382.28
275,66,2023-10-07,1111.49
276,66,2023-03-29,1215.3
277,67,2023-01-06,1000.1
278,68,2023-08-13,603.52
279,68,2023-06-07,177.82
280,68,2023-05-01,766.21
281,68,2023-06-06,651.21
282,69,2023-05-17,2354.36
283,69,2023-09-18,1757.97
284,69,2023-05-17,1899.62
285,69,2023-10-28,1149.64
286,69,2023-06-03,1634.31
287,69,2023-05-01,1705.89
288,69,2023-05-18,1037.24
289,69,2023-11-03,2590.87
290,70,2023-04-28,877.24
291,70,2023-05-24,743.07
292,70,2023-02-27,1871.72
293,71,2023-06-23,1111.22
294,71,2023-03-06,2069.44
295,71,2023-05-08,2052.75
296,71,2023-05-10,1638.11
297,71,2023-05-27,1032.54
298,71,2023-07-11,1807.64
299,71,2023-06-21,1553.31
300,71,2023-12-24,1791.63
301,71,2023-10-08,1504.99
302,71,2023-04-10,2586.35
303,72,2023-11-06,441.44
304,73,2023-10-20,934.05
305,73,2023-06-29,1884.52
306,73,2023-01-05,945.78
307,74,2023-06-14,1850.61
308,74,2023-12-06,2489.92
309,74,2023-07-09,2072.82
310,74,2023-09-22,1883.64
311,74,2023-09-10,1821.45
312,74,2023-07-27,2531.48
313,74,2023-05-11,2275.37
314,74,2023-11-15,2015.31
315,74,2023-09-20,2123.22
316,75,2023-01-25,350.07
317,76,2022-09-18,531.64
318,77,2023-06-27,287.51
319,77,2023-09-08,317.24
320,78,2023-09-04,420.4
321,78,2023-05-29,920.02
322,78,2023-05-24,1349.2
323,78,2023-03-01,967.86
324,78,2023-02-22,861.54
325,78,2023-02-11,711.26
326,79,2023-04-04,420.44
327,79,2023-05-29,1037.27
328,79,2023-09-10,143.16
329,80,2023-04-24,1164.47
330,80,2023-09-16,1186.49
331,80,2023-05-20,288.58
332,81,2023-07-12,608.26
333,81,2023-02-06,1320.51
334,81,2023-01-29,1053.04
335,82,2023-08-01,229.02
336,83,2023-03-16,486.34
337,84,2022-09-22,1593.8
338,85,2023-10-15,1088.0
339,85,2023-07-14,807.11
340,85,2023-08-06,596.76
341,85,2023-10-18,578.51
342,86,2023-04-10,1223.36
343,86,2023-02-20,980.19
344,86,2023-04-24,797.63
345,86,2023-03-19,639.81
346,86,2023-08-10,1472.28
347,87,2023-07-28,512.53
348,87,2023-02-18,1291.42
349,87,2023-01-20,484.55
350,87,2023-06-07,563.57
351,88,2023-09-04,280.15
352,88,2023-09-16,446.73
353,88,2023-01-23,294.07
354,89,2023-10-12,569.62
355,89,2023-12-09,534.26
356,89,2023-04-19,918.11
357,89,2023-10-23,812.96
358,89,2023-02-28,996.83
359,89,2023-03-01,962.55
360,90,2023-10-11,1954.8
361,90,2023-03-11,1983.99
362,90,2023-12-21,1773.36
363,90,2023-11-06,1497.84
364,90,2023-06-07,50.0
365,90,2023-10-09,1322.26
366,90,2023-09-25,2388.84
367,90,2023-10-13,2639.23
368,90,2023-10-27,2069.44
369,90,2023-07-23,2198.22
370,90,2023-06-22,1522.05
371,90,2023-10-15,2961.5
372,91,2023-06-06,1465.07
373,91,2023-09-01,1896.7
374,91,2023-07-23,2311.41
375,91,2023-04-18,2301.87
376,91,2023-06-06,2038.64
377,91,2023-11-20,2148.72
378,91,2023-03-01,2067.06
379,91,2023-05-23,2175.7
380,91,2023-05-17,2010.45
381,91,2023-06-22,2531.7
382,91,2023-04-12,1483.84
383,91,2023-07-09,976.48
384,92,2023-06-24,2065.73
385,92,2023-08-05,1182.67
386,93,2023-02-06,448.78
387,94,2023-06-07,270.14
388,94,2023-05-10,304.32
389,94,2023-03-11,499.87
390,94,2022-11-20,266.57
391,95,2023-12-06,833.62
392,95,2023-07-14,2659.69
393,95,2023-07-17,834.34
394,95,2023-03-02,2005.42
395,95,2023-10-28,2315.0
396,95,2023-05-16,1063.11
397,95,2023-08-04,2013.77
398,95,2023-02-24,1094.76
399,95,2023-05-27,472.96
400,95,2023-11-07,854.51
401,95,2023-09-06,989.61
402,96,2022-09-12,648.68
403,96,2022-09-05,128.59
404,97,2023-05-08,659.84
405,97,2023-01-28,1833.35
406,98,2023-09-08,263.36
407,98,2023-09-06,415.61
408,99,2023-01-30,1737.58
409,99,2022-11-29,637.96
410,100,2023-03-15,172.96
411,100,2022-12-26,343.09
412,101,2023-05-15,767.5
413,102,2023-07-17,481.05
414,103,2023-05-08,432.66
415,104,2023-05-02,507.6
416,104,2023-03-05,2650.43
417,104,2023-04-12,2174.49
418,104,2023-07-19,1930.82
419,105,2023-10-10,678.41
420,105,2023-08-02,719.6
421,105,2023-10-15,3214.39
422,105,2023-09-14,1450.77
423,105,2023-12-04,1632.14
424,105,2023-10-18,1963.98
425,105,2023-09-19,2313.43
426,105,2023-05-01,852.52
427,105,2023-07-22,1825.24
428,106,2023-09-13,604.81
429,106,2023-06-25,992.86
430,106,2023-07-13,1067.16
431,106,2023-04-18,960.63
432,106,2023-11-18,845.38
433,107,2023-12-17,1078.69
434,107,2023-10-30,1407.51
435,107,2023-03-05,1239.91
436,108,2023-06-10,1293.49
437,108,2022-12-20,1863.24
438,109,2023-09-03,1840.01
439,109,2023-04-17,1825.18
440,109,2023-04-13,1501.94
441,110,2023-08-06,1898.18
442,110,2023-12-19,1633.98
443,110,2023-11-27,2007.99
444,110,2023-11-11,2218.56
445,110,2023-10-27,2542.07
446,110,2023-03-04,1446.16
447,110,2023-09-10,1860.49
448,111,2023-10-12,347.02
449,112,2023-03-03,664.44
450,113,2023-02-14,522.83
451,114,2023-10-13,203.42
452,115,2022-11-30,1831.86
453,115,2023-04-29,965.29
454,116,2023-11-29,1849.97
455,116,2023-12-20,1939.3
456,116,2023-07-23,2360.08
457,116,2023-09-02,1901.17
458,116,2023-07-02,1346.46
459,116,2023-07-03,1415.41
460,116,2023-10-31,2024.94
461,116,2023-05-26,2382.89
462,116,2023-10-25,1127.72
463,116,2023-11-28,2139.99
464,116,2023-10-30,1421.4
465,117,2023-04-15,925.0
466,117,2023-10-20,1079.39
467,118,2022-11-24,1270.51
468,118,2023-03-07,1337.72
469,119,2022-10-29,481.03
470,120,2023-08-28,612.61
471,121,2023-08-13,1194.9
472,121,2023-05-27,744.94
473,121,2023-03-03,1341.66
474,121,2023-06-01,235.68
475,122,2023-01-29,1807.25
476,123,2023-05-22,334.82
477,124,2023-05-30,2773.45
478,124,2023-12-08,1204.7
479,124,2023-09-28,2777.96
480,124,2023-07-11,2131.3
481,124,2023-10-13,1768.54
482,124,2023-04-29,2119.16
483,124,2023-07-07,1375.07
484,125,2023-11-03,940.54
485,126,2023-04-18,1033.3
486,126,2023-08-04,223.45
487,126,2023-07-30,729.5
488,126,2023-02-10,1176.93
489,126,2023-11-04,784.81
490,127,2023-09-23,1024.5
491,127,2023-09-23,331.84
492,127,2023-07-14,1214.69
493,128,2023-03-05,657.96
494,128,2023-04-25,597.06
495,128,2023-06-16,113.02
496,128,2023-06-11,601.94
497,129,2023-07-24,1730.99
498,129,2023-12-11,1115.06
499,129,2023-10-10,1784.25
500,129,2023-07-19,2186.48
501,129,2023-03-09,2136.14
502,129,2023-06-19,2371.73
503,129,2023-06-01,776.37
504,130,2023-04-04,1972.28
505,131,2023-05-02,381.96
506,132,2023-04-01,393.9
507,133,2023-05-06,202.65
508,133,2023-05-30,636.65
509,134,2022-12-27,152.22
510,135,2023-01-25,1844.42
511,136,2023-11-16,1064.58
512,136,2023-08-03,1155.99
513,136,2023-07-04,1000.12
514,136,2023-03-14,1306.77
515,137,2023-04-12,1142.31
516,137,2023-05-05,1775.76
517,137,2023-05-18,1703.44
518,138,2023-08-30,433.66
519,139,2023-02-26,1574.3
520,139,2023-04-27,2078.49
521,139,2023-03-31,1439.13
522,139,2023-08-19,1987.93
523,139,2023-05-26,1168.7
524,139,2023-04-14,1910.39
525,139,2023-09-27,2176.14
526,139,2023-07-06,1951.68
527,140,2023-01-19,1164.18
528,140,2023-04-17,1349.9
529,140,2023-04-14,267.13
530,141,2023-06-09,2981.35
531,141,2023-03-05,1285.82
532,141,2023-05-25,1797.45
533,141,2023-08-17,599.78
534,141,2023-09-26,1837.58
535,141,2023-03-30,2382.69
536,141,2023-10-30,1600.93
537,142,2023-05-14,1293.6
538,143,2023-04-29,752.74
539,143,2023-09-30,418.62
540,143,2023-03-02,259.63
541,143,2023-06-08,952.58
542,144,2022-10-20,565.39
543,145,2023-11-27,419.64
544,146,2023-03-03,509.55
545,146,2023-08-20,1085.49
546,146,2023-02-04,1550.54
547,146,2023-05-24,1476.45
548,147,2023-01-23,261.36
549,148,2023-09-07,1870.37
550,148,2023-04-10,789.96
551,148,2023-09-18,1145.3
552,148,2023-06-19,1066.34
553,148,2023-04-09,1750.88
554,148,2023-07-14,1699.49
555,148,2023-05-18,1945.91
556,148,2023-06-13,1090.64
557,148,2023-04-21,2791.67
558,148,2023-12-17,1075.73
559,148,2023-12-03,2848.47
560,149,2023-06-02,424.22
561,150,2023-01-22,769.86
562,150,2023-06-09,831.57
563,150,2023-07-25,1070.11
564,151,2022-09-20,457.59
565,152,2023-07-11,964.96
566,152,2023-03-25,608.38
567,152,2023-05-10,879.32
568,152,2023-03-07,771.35
569,152,2023-03-17,489.08
570,152,2023-04-01,981.14
571,153,2023-07-22,2076.76
572,153,2023-09-12,2748.94
573,153,2023-05-16,2721.36
574,153,2023-03-06,1307.21
575,153,2023-06-07,2087.86
576,153,2023-05-02,1442.83
577,153,2023-10-08,1572.87
578,153,2023-12-12,2018.4
579,153,2023-04-17,1100.0
580,154,2023-11-20,2286.26
581,154,2023-10-12,2292.23
582,154,2023-10-21,944.62
583,154,2023-11-23,2035.79
584,154,2023-11-18,2537.14
585,154,2023-06-28,2202.52
586,155,2023-04-19,1173.46
587,155,2023-05-27,1070.04
588,155,2023-03-13,2303.51
589,155,2023-02-17,2861.96
590,155,2023-04-23,2529.59
591,156,2022-09-13,341.72
592,157,2023-09-01,973.43
593,158,2023-04-25,602.97
594,159,2023-10-22,2608.99
595,159,2023-03-22,799.42
596,159,2023-10-09,2139.28
597,159,2023-03-18,1116.63
598,159,2023-10-11,493.89
599,159,2023-07-07,1601.59
600,159,2023-05-30,1345.37
601,159,2023-06-25,2493.58
602,160,2022-11-16,487.92
603,161,2023-05-14,876.27
604,161,2023-08-14,1235.14
605,161,2023-05-18,592.99
606,161,2023-10-24,2358.26
607,161,2023-03-04,2248.04
608,161,2023-08-29,1757.75
609,162,2023-01-03,112.07
610,163,2023-06-09,1724.08
611,163,2023-11-22,2203.66
612,163,2023-10-24,2747.56
613,163,2023-10-17,2472.85
614,163,2023-11-22,2556.73
615,163,2023-05-08,1646.45
616,164,2023-01-21,301.1
617,165,2023-03-26,733.75
618,165,2023-11-26,812.01
619,165,2023-10-11,989.11
620,165,2023-11-22,1333.23
621,165,2023-11-18,510.13
622,165,2023-07-07,1677.83
623,165,2023-09-11,274.71
624,166,2023-01-04,517.75
625,167,2023-11-26,3215.05
626,167,2023-09-13,2062.35
627,167,2023-07-15,2011.04
628,167,2023-06-04,1575.78
629,167,2023-10-14,2007.54
630,167,2023-12-06,1870.74
631,167,2023-11-17,1165.66
632,167,2023-02-20,1231.95
633,167,2023-09-11,2543.68
634,168,2023-03-31,549.86
635,168,2023-08-13,549.56
636,168,2023-07-21,143.91
637,168,2023-06-15,232.81
638,168,2023-01-19,392.19
639,169,2023-11-26,2873.24
640,169,2023-11-12,1636.03
641,169,2023-07-04,1876.49
642,169,2023-06-04,2150.32
643,169,2023-10-03,1547.01
644,169,2023-04-15,1146.1
645,169,2023-03-24,2428.82
646,170,2023-07-09,438.31
647,170,2023-02-07,1586.65
648,170,2023-03-18,1287.18
649,170,2023-04-24,1247.96
650,170,2023-05-15,1823.8
651,170,2023-04-19,2028.08
652,170,2023-06-07,583.64
653,170,2023-06-02,2169.41
654,170,2023-07-06,2005.34
655,170,2023-09-02,1254.77
656,171,2023-07-10,1111.42
657,171,2023-08-16,731.04
658,171,2023-08-14,1195.23
659,172,2023-01-17,1645.42
660,172,2023-11-02,1084.37
661,172,2023-06-24,868.71
662,172,2023-03-04,751.25
663,172,2023-10-15,673.13
664,172,2023-10-26,727.46
665,173,2023-05-06,655.96
666,173,2023-04-21,2934.33
667,173,2023-08-25,2287.84
668,173,2023-09-14,2344.63
669,173,2023-09-16,2194.51
670,173,2023-03-07,1616.78
671,174,2023-09-30,963.17
672,175,2023-04-03,1164.03
673,175,2023-02-16,479.06
674,175,2023-10-13,894.51
675,176,2023-10-15,1909.33
676,176,2023-04-23,1700.89
677,176,2023-04-27,1719.35
678,176,2023-02-18,2904.23
679,176,2023-10-24,2270.2
680,176,2023-06-18,2281.73
681,176,2023-10-02,1230.32
682,176,2023-07-10,2210.99
683,176,2023-09-09,1363.93
684,176,2023-07-14,121.65
685,176,2023-03-17,1803.04
686,176,2023-08-25,2935.29
687,177,2023-02-04,226.31
688,177,2022-11-16,504.85
689,177,2023-05-28,427.3
690,177,2023-04-24,428.11
691,178,2023-07-05,248.33
692,178,2023-06-07,514.39
693,178,2023-08-20,988.05
694,178,2023-07-28,996.18
695,178,2023-04-20,673.47
696,179,2023-10-17,260.67
697,179,2023-07-26,629.25
698,179,2023-03-15,1279.14
699,180,2022-12-27,665.7
700,180,2023-05-10,573.88
701,180,2022-11-16,540.01
702,180,2023-07-16,417.25
703,181,2023-07-10,1323.13
704,181,2023-01-12,1457.15
705,181,2023-02-20,1750.75
706,182,2023-04-14,1682.48
707,182,2023-11-02,1411.06
708,182,2023-08-01,1217.64
709,182,2023-11-11,1545.66
710,182,2023-05-26,2385.54
711,182,2023-05-04,1452.43
712,182,2023-04-28,1444.84
713,182,2023-05-02,2751.38
714,182,2023-03-09,2785.74
715,182,2023-09-25,2840.41
716,182,2023-07-30,1727.15
717,182,2023-04-21,1552.53
718,182,2023-08-20,559.11
719,183,2022-11-05,355.12
720,183,2023-04-19,213.02
721,184,2023-03-20,1740.5
722,184,2023-05-24,2926.23
723,184,2023-08-21,3007.96
724,184,2023-11-25,1829.05
725,184,2023-11-02,1778.43
726,184,2023-11-24,1722.04
727,184,2023-07-03,2103.47
728,184,2023-11-27,2550.18
729,184,2023-05-02,728.84
730,184,2023-08-10,1698.77
731,184,2023-03-07,1399.54
732,185,2023-09-26,2236.73
733,185,2023-03-20,1072.43
734,185,2023-11-07,1960.7
735,185,2023-08-23,2362.83
736,185,2023-09-13,2328.52
737,186,2023-08-30,1291.24
738,186,2023-06-25,641.76
739,186,2023-08-15,1017.56
740,186,2023-08-04,1034.87
741,186,2023-08-02,1114.38
742,186,2023-06-05,560.21
743,186,2023-10-19,890.33
744,186,2023-09-26,761.44
745,186,2023-02-26,1104.14
746,186,2023-11-29,1096.21
747,186,2023-12-12,1267.0
748,186,2023-03-03,644.82
749,186,2023-02-28,1028.41
750,186,2023-08-04,1203.8
751,187,2022-09-02,475.97
752,188,2023-07-02,353.62
753,188,2023-05-03,578.95
754,188,2023-05-21,439.71
755,189,2023-04-23,2697.56
756,189,2023-11-21,1581.42
757,189,2023-10-27,1974.31
758,189,2023-04-04,1045.09
759,189,2023-06-12,1806.67
760,190,2022-12-02,161.47
761,190,2023-07-13,310.63
762,190,2023-05-01,188.1
763,190,2023-05-11,513.47
764,190,2022-12-21,377.06
765,191,2022-08-06,495.91
766,191,2022-12-18,395.01
767,192,2023-03-13,1359.22
768,192,2023-12-03,919.92
769,192,2023-12-07,1120.09
770,192,2023-08-03,962.76
771,192,2023-05-19,945.17
772,192,2023-10-05,1296.64
773,192,2023-09-15,498.15
774,193,2023-01-27,305.39
775,193,2023-08-25,410.28
776,194,2023-02-20,1711.51
777,194,2023-03-06,843.11
778,194,2023-02-03,1824.39
779,194,2023-04-19,1523.62
780,194,2023-07-19,2670.99
781,195,2023-10-22,2977.71
782,195,2023-09-03,2243.04
783,195,2023-03-16,834.6
784,195,2023-11-17,1834.26
785,195,2023-04-16,709.69
786,195,2023-09-19,1377.82
787,195,2023-05-19,2256.25
788,195,2023-09-08,2012.21
789,195,2023-03-20,1649.55
790,195,2023-07-03,1738.13
791,196,2023-11-06,1339.44
792,196,2023-03-14,1115.56
793,196,2023-08-17,1127.85
794,196,2023-08-11,1018.25
795,196,2023-11-06,344.11
796,196,2023-11-04,876.84
797,197,2023-03-22,1110.92
798,197,2023-04-24,1908.3
799,197,2023-06-01,2483.09
800,197,2023-11-18,900.52
801,197,2023-03-13,2073.39
802,197,2023-05-28,1653.35
803,197,2023-09-01,1760.35
804,197,2023-09-27,1773.04
805,197,2023-08-12,1822.81
806,197,2023-10-23,2226.69
807,197,2023-04-03,1824.59
808,198,2023-04-16,263.37
809,198,2023-09-16,508.75
810,199,2023-05-23,504.8
811,200,2023-02-24,1084.91
812,200,2023-10-12,759.91
813,200,2023-06-26,451.52
814,200,2023-10-11,731.93
815,200,2023-02-25,624.78
816,200,2023-10-31,1327.43
817,201,2023-03-10,1381.33
818,201,2023-07-05,702.54
819,202,2023-06-03,1395.68
820,202,2023-09-30,1751.14
821,202,2023-05-31,1448.71
822,202,2023-08-21,2026.98
823,202,2023-06-08,1268.84
824,202,2023-04-02,2836.9
825,202,2023-12-09,2507.44
826,203,2023-03-12,854.36
827,203,2023-01-08,1189.84
828,203,2023-09-12,1217.8
829,204,2023-05-30,2887.37
830,205,2023-09-23,2133.75
831,205,2023-08-17,1009.99
832,205,2023-07-28,2947.44
833,205,2023-03-05,1052.88
834,205,2023-06-06,1864.2
835,205,2023-11-17,1519.75
836,205,2023-11-03,2156.34
837,205,2023-06-05,1400.78
838,205,2023-10-04,2194.21
839,206,2023-03-20,874.15
840,206,2023-03-20,616.8
841,206,2023-07-26,990.16
842,206,2023-04-18,997.8
843,207,2023-09-03,437.43
844,207,2023-07-06,1018.67
845,208,2023-04-18,502.88
846,209,2023-05-05,305.07
847,209,2023-06-12,389.85
848,210,2023-08-13,1959.81
849,210,2023-03-16,2482.91
850,210,2023-06-23,2240.17
851,210,2023-10-22,1073.07
852,210,2023-07-23,1661.26
853,210,2023-08-12,1283.79
854,210,2023-07-31,737.79
855,210,2023-03-07,1274.24
856,211,2023-09-25,2518.1
857,211,2023-11-05,2053.45
858,211,2023-09-14,1552.16
859,211,2023-08-28,2666.72
860,211,2023-03-06,247.23
861,211,2023-11-11,1266.37
862,211,2023-03-13,1872.96
863,211,2023-07-11,1140.03
864,211,2023-06-11,2214.27
865,212,2023-10-31,308.38
866,213,2023-09-16,365.59
867,214,2023-03-15,326.5
868,214,2023-04-29,453.04
869,215,2023-05-23,255.36
870,216,2023-08-26,1164.27
871,216,2023-08-01,50.0
872,216,2023-10-12,2029.43
873,216,2023-08-24,1695.8
874,216,2023-09-17,2157.94
875,216,2023-02-05,1523.44
876,216,2023-09-14,2247.33
877,216,2023-09-10,2620.75
878,216,2023-03-31,1407.29
879,216,2023-09-15,283.4
880,216,2023-02-17,2283.45
881,217,2023-01-18,378.94
882,217,2023-03-17,328.5
883,218,2023-11-20,551.03
884,218,2023-06-25,658.47
885,218,2023-10-09,1291.5
886,218,2023-05-09,756.92
887,219,2023-03-14,396.28
888,219,2023-11-03,1272.5
889,220,2023-05-02,386.21
890,220,2023-05-02,991.92
891,220,2023-04-12,611.18
892,220,2023-10-03,853.54
893,220,2023-08-11,944.62
894,220,2023-02-16,666.25
895,220,2023-07-14,960.21
896,220,2023-07-14,935.78
897,220,2023-06-05,476.55
898,221,2023-04-10,608.8
899,222,2023-08-31,356.83
900,223,2023-08-18,488.0
901,224,2023-05-19,2021.71
902,225,2023-08-30,250.42
903,226,2023-10-24,714.79
904,226,2023-04-18,925.98
905,226,2023-08-04,1229.76
906,226,2023-07-17,1123.8
907,227,2023-02-20,460.1
908,227,2023-03-18,305.68
909,228,2023-11-08,3199.42
910,228,2023-03-02,827.08
911,228,2023-10-02,1146.5
912,228,2023-08-28,1702.07
913,228,2023-09-14,1290.08
914,228,2023-08-30,1766.2
915,229,2023-06-21,1692.99
916,229,2023-09-19,1365.42
917,229,2023-01-28,855.89
918,230,2023-09-26,1129.22
919,231,2023-03-21,661.59
920,231,2023-04-30,2337.41
921,231,2023-09-20,2209.54
922,231,2023-06-12,2190.22
923,232,2023-11-08,1009.65
924,232,2023-07-09,1245.07
925,232,2023-10-03,1068.44
926,232,2023-04-06,666.61
927,233,2022-12-18,291.91
928,234,2023-10-10,1987.17
929,234,2023-02-24,1723.87
930,234,2023-06-06,887.01
931,235,2023-09-17,2171.84
932,235,2023-06-29,969.81
933,235,2023-09-06,2739.04
934,235,2023-07-13,1820.67
935,235,2023-07-05,3119.94
936,235,2023-07-04,2099.36
937,235,2023-11-30,987.71
938,235,2023-09-07,1229.17
939,235,2023-06-14,805.98
940,235,2023-08-19,1897.78
941,235,2023-08-29,2248.96
942,236,2023-03-01,2029.6
943,236,2023-06-22,1546.37
944,236,2023-06-15,978.87
945,236,2022-11-26,2180.44
946,237,2023-05-05,916.44
947,237,2023-02-02,838.7
948,237,2023-09-24,1084.56
949,238,2023-03-22,283.18
950,239,2023-02-15,566.93
951,239,2023-01-13,1612.82
952,239,2023-08-20,445.71
953,239,2023-05-04,753.41
954,239,2023-02-06,925.52
955,240,2023-10-06,1039.18
956,240,2023-04-20,1837.25
957,240,2023-02-27,1938.26
958,241,2023-04-12,749.87
959,241,2023-06-15,660.69
960,241,2023-04-01,1513.08
961,241,2023-05-12,852.43
962,241,2023-09-11,1040.37
963,242,2023-12-03,423.02
964,242,2023-07-28,1086.92
965,242,2023-09-24,1065.22
966,242,2023-04-11,948.37
967,243,2023-03-15,2161.15
968,243,2023-05-01,2415.1
969,243,2023-09-05,1359.5
970,243,2023-09-24,1376.79
971,244,2023-08-30,437.88
972,244,2023-03-14,245.91
973,244,2023-09-20,766.3
974,245,2023-08-23,1983.51
975,246,2023-12-09,1765.22
976,246,2023-05-06,1330.86
977,246,2023-06-04,1531.02
978,246,2023-05-22,1343.89
979,246,2023-09-26,1910.82
980,246,2023-06-26,1098.59
981,246,2023-04-20,2383.86
982,247,2023-11-21,531.33
983,247,2023-11-26,434.14
984,248,2023-08-14,1011.96
985,249,2023-06-16,944.89
986,249,2022-12-31,1147.08
987,249,2023-06-08,1050.81
988,249,2023-02-06,1129.14
989,250,2023-01-05,1268.93
990,250,2022-11-23,1447.27
991,251,2023-08-05,477.79
992,252,2023-07-14,1140.29
993,252,2023-09-05,1693.61
994,252,2023-11-26,2260.13
995,252,2023-06-13,1738.94
996,252,2023-08-10,1599.49
997,252,2023-10-31,2183.0
998,252,2023-11-05,1977.29
999,252,2023-02-28,2306.1
1000,252,2023-11-09,2086.6
1001,252,2023-04-11,2203.62
1002,253,2023-05-10,232.02
1003,253,2023-09-22,1540.53
1004,253,2023-11-10,1358.94
1005,253,2023-04-19,1993.88
1006,253,2023-11-09,1592.4
1007,253,2023-07-23,1627.45
1008,253,2023-05-16,2199.81
1009,254,2022-12-10,1471.31
1010,255,2023-12-03,2281.46
1011,255,2023-06-27,2546.92
1012,255,2023-07-07,1744.34
1013,255,2023-08-26,1069.04
1014,256,2023-06-10,1348.05
1015,256,2023-09-15,2100.13
1016,257,2023-03-30,284.88
1017,258,2023-01-27,951.89
1018,258,2023-01-17,1521.12
1019,259,2023-07-23,358.09
1020,259,2023-03-20,460.75
1021,260,2023-06-14,1360.51
1022,261,2023-09-18,311.92
1023,261,2023-07-20,640.92
1024,261,2023-06-27,803.09
1025,261,2023-03-18,670.32
1026,261,2023-05-07,981.36
1027,262,2023-01-18,832.32
1028,262,2023-08-05,1069.15
1029,262,2023-05-15,1312.59
1030,262,2023-06-01,957.9
1031,263,2023-09-02,676.2
1032,263,2023-06-29,1082.45
1033,263,2023-03-26,1243.85
1034,263,2023-09-26,718.63
1035,263,2023-04-08,998.14
1036,263,2023-01-07,698.21
1037,264,2023-07-30,1697.82
1038,264,2023-09-07,946.1
1039,264,2023-02-28,846.5
1040,264,2023-04-30,801.68
1041,265,2023-08-30,901.97
1042,265,2023-05-05,486.06
1043,265,2023-03-04,298.25
1044,265,2023-05-12,972.87
1045,266,2023-02-18,1612.24
1046,266,2023-04-12,1018.29
1047,266,2023-08-05,766.99
1048,266,2023-08-16,257.04
1049,267,2023-03-08,786.09
1050,267,2023-06-17,780.91
1051,267,2023-04-24,1867.47
1052,268,2023-05-03,1998.76
1053,268,2023-02-14,2172.75
1054,268,2023-08-30,1170.7
1055,268,2023-04-02,1643.87
1056,268,2023-07-16,689.62
1057,268,2023-10-21,460.21
1058,268,2023-10-05,1649.28
1059,268,2023-09-03,2547.54
1060,268,2023-03-09,2672.71
1061,269,2023-05-30,702.77
1062,269,2023-02-02,701.11
1063,269,2023-03-02,1134.73
1064,269,2023-02-11,669.06
1065,269,2023-09-18,821.01
1066,269,2023-10-26,1364.84
1067,269,2023-03-14,1168.54
1068,270,2023-07-24,1792.2
1069,271,2023-09-08,2043.31
1070,271,2023-09-06,541.34
1071,271,2023-05-06,1088.46
1072,271,2023-04-25,1324.67
1073,271,2023-06-26,2465.81
1074,271,2023-04-25,1969.98
1075,271,2023-07-21,2327.43
1076,272,2023-09-04,1046.21
1077,272,2023-01-25,688.81
1078,272,2023-02-27,1198.21
1079,272,2022-12-22,429.91
1080,272,2023-07-15,202.42
1081,272,2023-09-02,688.39
1082,273,2023-05-21,2266.2
1083,273,2023-07-05,1879.88
1084,273,2023-03-14,2436.77
1085,273,2023-08-16,1907.03
1086,273,2023-08-11,1211.54
1087,273,2023-05-04,2494.24
1088,273,2023-11-10,1211.49
1089,274,2023-05-18,1867.19
1090,274,2023-03-02,1352.33
1091,274,2023-03-23,1184.72
1092,274,2023-10-25,2178.57
1093,274,2023-07-24,738.64
1094,275,2023-10-12,1835.1
1095,275,2023-07-21,927.85
1096,275,2023-06-04,3543.53
1097,275,2023-06-20,1692.11
1098,275,2023-10-03,3088.35
1099,275,2023-03-25,1223.32
1100,275,2023-08-17,1837.07
1101,275,2023-03-07,2187.91
1102,276,2023-03-29,290.96
1103,277,2023-11-20,1702.2
1104,277,2023-05-07,1552.79
1105,277,2023-09-27,2498.68
1106,277,2023-02-02,1539.99
1107,278,2023-10-31,2141.58
1108,278,2023-03-15,1270.69
1109,278,2023-06-21,580.89
1110,278,2023-10-05,2698.32
1111,278,2023-08-10,1004.47
1112,279,2023-01-18,446.43
1113,279,2023-03-24,393.23
1114,279,2022-12-09,538.54
1115,280,2023-04-03,663.3
1116,281,2023-05-22,545.56
1117,281,2023-09-07,597.81
1118,281,2023-07-27,366.25
1119,282,2023-09-10,2239.68
1120,282,2023-12-07,1660.27
1121,282,2023-05-06,1882.47
1122,282,2023-06-10,164.54
1123,282,2023-08-07,2273.88
1124,282,2023-04-03,1288.1
1125,282,2023-03-06,1671.5
1126,282,2023-09-27,2283.19
1127,282,2023-05-11,1318.54
1128,282,2023-09-06,1787.66
1129,283,2023-07-10,722.42
1130,283,2023-10-16,1258.13
1131,283,2023-08-30,1022.79
1132,283,2023-03-16,152.37
1133,284,2023-02-17,479.3
1134,285,2023-01-31,1014.55
1135,286,2023-03-15,338.51
1136,286,2023-09-26,748.17
1137,286,2023-05-21,921.23
1138,286,2023-10-02,448.38
1139,286,2023-09-12,712.05
1140,287,2023-09-02,309.64
1141,288,2022-12-22,1594.53
1142,289,2023-06-04,2230.53
1143,289,2023-10-18,1239.91
1144,289,2023-07-25,1706.81
1145,289,2023-06-04,50.0
1146,289,2023-06-07,1694.5
1147,289,2023-07-28,1566.61
1148,289,2023-05-08,1602.98
1149,290,2023-10-03,415.2
1150,290,2023-11-26,1205.25
1151,290,2023-09-11,544.72
1152,290,2023-11-22,940.18
1153,290,2023-09-02,625.2
1154,291,2023-07-27,295.27
1155,291,2023-07-30,861.69
1156,291,2023-04-25,988.27
1157,291,2023-05-15,1331.82
1158,291,2022-12-16,473.94
1159,292,2023-04-19,439.75
1160,293,2023-01-17,260.53
1161,293,2023-08-08,300.61
1162,294,2023-09-29,420.29
1163,294,2023-04-13,616.32
1164,294,2023-02-04,740.45
1165,294,2023-06-09,516.21
1166,294,2023-09-02,992.34
1167,295,2023-05-09,1094.29
1168,295,2023-07-17,1290.39
1169,295,2023-07-20,781.9
1170,295,2023-01-30,92.68
1171,295,2023-09-10,510.52
1172,295,2023-01-28,315.64
1173,296,2023-10-03,283.98
1174,296,2023-06-30,418.41
1175,297,2023-07-15,512.38
1176,298,2023-05-07,350.12
1177,299,2023-09-27,325.42
1178,299,2023-02-14,135.65
1179,300,2023-03-17,1613.4
1180,300,2023-02-04,1676.54
1181,300,2023-01-21,940.27
1182,300,2023-04-27,515.96
1183,300,2023-03-01,662.1
1184,301,2023-03-15,537.6
1185,301,2022-11-04,385.98
1186,301,2022-12-21,333.85
1187,302,2022-12-28,495.19
1188,303,2023-09-10,357.8
1189,303,2023-07-04,936.22
1190,303,2023-07-16,1073.45
1191,304,2023-03-29,864.18
1192,304,2023-04-06,1519.57
1193,304,2023-08-24,654.55
1194,304,2023-09-29,1937.08
1195,305,2023-05-30,942.58
1196,305,2022-11-30,2097.56
1197,306,2023-09-08,1025.1
1198,306,2023-10-12,1062.43
1199,306,2023-08-01,945.42
1200,306,2023-11-06,999.51
1201,306,2023-06-26,1027.35
1202,306,2023-03-07,896.05
1203,307,2023-01-11,567.81
1204,307,2023-05-05,405.37
1205,307,2023-04-30,448.57
1206,308,2023-05-07,1871.63
1207,308,2023-03-20,3260.09
1208,308,2023-09-30,2079.28
1209,308,2023-10-22,1836.69
1210,308,2023-09-16,1966.36
1211,308,2023-03-13,1542.64
1212,308,2023-02-13,2754.21
1213,308,2023-05-20,1943.15
1214,308,2023-11-14,2687.89
1215,308,2023-02-16,2265.83
1216,308,2023-11-21,3132.81
1217,309,2023-05-13,400.47
1218,309,2023-08-17,612.71
1219,309,2023-05-22,197.08
1220,310,2023-07-10,234.07
1221,311,2022-09-02,443.14
1222,311,2022-08-11,242.4
1223,311,2023-01-31,302.37
1224,312,2023-04-16,2518.29
1225,312,2023-06-29,1670.84
1226,312,2023-03-17,3116.96
1227,312,2023-09-08,2930.62
1228,312,2023-02-21,1355.44
1229,312,2023-12-06,1053.15
1230,312,2023-09-25,2019.74
1231,313,2023-05-02,389.61
1232,314,2023-06-13,370.06
1233,314,2023-05-09,463.29
1234,315,2023-10-01,772.6
1235,315,2023-02-28,1275.7
1236,315,2023-03-17,1154.42
1237,315,2023-07-15,988.6
1238,316,2023-03-10,1374.04
1239,316,2023-03-07,2382.71
1240,317,2023-01-17,432.47
1241,317,2023-03-14,441.2
1242,318,2023-05-09,442.5
1243,318,2022-12-29,267.75
1244,318,2023-09-22,312.25
1245,318,2023-02-23,225.55
1246,319,2022-12-01,452.07
1247,320,2023-09-24,152.95
1248,320,2023-06-22,287.99
1249,320,2023-09-06,705.33
1250,320,2023-08-28,391.55
1251,320,2023-09-24,526.96
1252,320,2023-05-19,438.98
1253,321,2023-08-18,1266.48
1254,321,2023-04-24,2198.11
1255,321,2023-09-05,1038.13
1256,321,2023-07-26,1372.81
1257,321,2023-11-15,2176.09
1258,322,2023-02-05,2503.15
1259,322,2023-05-01,2542.63
1260,322,2023-09-12,2054.08
1261,322,2023-06-25,2423.08
1262,322,2023-09-10,1329.24
1263,322,2023-05-21,1906.49
1264,322,2023-05-13,1637.36
1265,322,2023-07-04,108.71
1266,322,2023-09-20,2236.49
1267,322,2023-02-14,2042.98
1268,323,2022-11-29,624.55
1269,323,2023-05-25,917.06
1270,323,2022-10-11,878.54
1271,324,2023-11-21,458.5
1272,325,2023-07-01,1366.96
1273,325,2023-04-13,2177.1
1274,325,2023-06-18,1619.14
1275,325,2023-05-24,1567.68
1276,326,2023-10-13,952.34
1277,326,2023-09-12,2651.51
1278,326,2023-05-22,1849.5
1279,326,2023-11-24,872.64
1280,326,2023-08-12,1352.57
1281,326,2023-07-08,2361.13
1282,326,2023-06-13,2395.73
1283,326,2023-05-08,1397.13
1284,326,2023-07-21,2205.13
1285,327,2023-07-30,688.43
1286,327,2023-06-23,962.42
1287,327,2023-05-12,1159.82
1288,327,2023-08-13,343.67
1289,328,2023-08-29,729.39
1290,328,2023-09-07,1339.96
1291,328,2023-08-17,1073.15
1292,328,2023-07-30,138.79
1293,328,2023-05-24,1412.7
1294,328,2023-06-18,138.04
1295,329,2023-07-18,1133.98
1296,329,2023-10-10,1432.67
1297,329,2023-02-09,1110.34
1298,329,2023-06-19,738.57
1299,329,2023-10-28,1554.59
1300,329,2023-04-14,924.95
1301,329,2023-07-30,1219.79
1302,329,2023-02-03,1094.38
1303,330,2023-03-16,521.26
1304,331,2023-09-25,1912.66
1305,331,2023-07-25,674.97
1306,331,2023-10-30,2118.18
1307,331,2023-07-13,1081.04
1308,331,2023-09-08,1696.2
1309,331,2023-07-01,916.01
1310,331,2023-07-09,1805.73
1311,331,2023-11-13,2273.7
1312,331,2023-07-31,2385.48
1313,332,2023-10-27,207.33
1314,333,2022-11-06,576.15
1315,334,2023-06-09,776.26
1316,334,2023-03-31,726.47
1317,334,2023-08-02,1131.26
1318,334,2023-04-24,566.8
1319,334,2023-06-20,1394.61
1320,335,2023-04-21,762.4
1321,335,2023-04-28,773.99
1322,336,2023-05-23,403.72
1323,337,2023-11-10,591.55
1324,337,2023-12-08,1214.2
1325,337,2023-03-05,873.31
1326,337,2023-12-20,1337.03
1327,338,2023-02-24,433.27
1328,339,2023-12-19,3036.51
1329,339,2023-05-30,1902.9
1330,339,2023-06-28,1691.77
1331,340,2023-11-06,1517.8
1332,340,2023-06-08,1253.66
1333,341,2023-05-06,538.6
1334,341,2023-04-10,525.77
1335,342,2023-02-26,328.09
1336,342,2023-08-10,339.86
1337,343,2022-12-14,365.38
1338,344,2023-04-26,1788.91
1339,345,2023-05-01,434.32
1340,346,2023-02-18,566.99
1341,346,2023-07-21,807.87
1342,346,2023-03-10,637.19
1343,346,2023-04-10,587.27
1344,346,2023-01-14,1080.03
1345,346,2023-02-12,1107.2
1346,347,2023-08-18,977.27
1347,347,2023-08-07,1344.89
1348,347,2023-02-14,1273.16
1349,347,2023-05-03,761.35
1350,347,2023-02-28,650.57
1351,347,2023-03-30,1138.2
1352,348,2023-05-22,1539.19
1353,349,2023-05-09,1878.02
1354,349,2023-11-25,2053.4
1355,349,2023-10-31,2254.7
1356,349,2023-12-10,1119.35
1357,349,2023-12-17,2320.98
1358,349,2023-06-15,1211.6
1359,350,2023-08-22,1627.26
1360,350,2023-03-04,1899.06
1361,350,2023-08-09,1103.26
1362,351,2023-07-03,860.48
1363,351,2023-05-17,1287.35
1364,351,2023-06-22,1886.67
1365,351,2023-04-20,1480.46
1366,352,2023-04-11,511.26
1367,353,2023-07-12,1524.8
1368,353,2023-09-25,1463.17
1369,353,2023-06-14,1484.53
1370,353,2023-12-24,1474.37
1371,353,2023-06-06,2038.37
1372,353,2023-09-05,1968.86
1373,353,2023-03-09,346.49
1374,353,2023-06-03,2933.25
1375,354,2023-03-02,701.08
1376,355,2023-07-02,1027.02
1377,355,2023-03-01,295.05
1378,355,2023-10-24,990.46
1379,355,2023-04-19,1276.73
1380,355,2023-02-28,1110.09
1381,355,2023-04-02,905.92
1382,355,2023-05-28,1085.46
1383,356,2022-11-04,63.59
1384,357,2022-12-23,2259.21
1385,357,2023-06-28,1793.03
1386,357,2023-02-22,586.62
1387,358,2022-11-30,1462.82
1388,358,2023-04-16,2252.02
1389,359,2023-05-16,1136.75
1390,359,2023-07-23,2875.98
1391,359,2023-09-22,2166.77
1392,359,2023-08-10,1981.88
1393,359,2023-11-03,1418.25
1394,359,2023-05-28,1179.41
1395,359,2023-06-22,2493.58
1396,359,2023-05-07,2122.77
1397,359,2023-08-18,1819.22
1398,359,2023-08-03,2548.4
1399,359,2023-10-21,2428.0
1400,360,2023-05-03,1930.65
1401,360,2023-03-10,2010.89
1402,360,2023-05-07,1692.87
1403,360,2023-09-25,1414.26
1404,360,2023-07-15,1237.7
1405,360,2023-06-07,1621.33
1406,360,2023-11-19,2835.73
1407,360,2023-11-10,2837.07
1408,360,2023-07-08,1604.38
1409,360,2023-10-09,2749.56
1410,361,2023-08-06,1606.55
1411,361,2023-10-30,1918.3
1412,361,2023-04-18,2081.63
1413,361,2023-10-20,989.99
1414,361,2023-05-31,1363.24
1415,361,2023-09-04,1903.22
1416,362,2022-12-19,2100.55
1417,362,2023-02-11,1743.1
1418,363,2023-03-13,561.53
1419,363,2023-09-29,708.6
1420,363,2023-07-31,688.89
1421,363,2023-02-07,780.14
1422,364,2023-02-15,476.05
1423,365,2023-05-09,547.88
1424,365,2023-09-16,412.16
1425,366,2023-05-19,887.95
1426,367,2023-08-06,948.48
1427,367,2022-12-23,1021.43
1428,367,2023-09-13,645.26
1429,367,2023-07-31,1129.25
1430,367,2023-05-14,942.61
1431,368,2023-01-12,701.69
1432,368,2023-02-18,368.79
1433,369,2023-08-31,249.92
1434,369,2023-06-25,533.09
1435,369,2022-12-18,505.12
1436,369,2023-05-01,161.61
1437,370,2023-08-06,1779.0
1438,370,2023-07-05,3523.63
1439,370,2023-08-26,2018.18
1440,370,2023-03-18,1989.16
1441,371,2022-11-21,485.17
1442,372,2023-06-23,1987.91
1443,372,2023-10-31,1656.51
1444,372,2023-11-16,1375.14
1445,372,2023-05-26,1209.62
1446,372,2023-06-07,994.32
1447,372,2023-09-20,1672.01
1448,372,2023-04-01,227.9
1449,372,2023-06-04,911.62
1450,372,2023-10-07,3438.29
1451,372,2023-06-22,1149.2
1452,372,2023-09-30,1718.29
1453,373,2023-12-08,1790.24
1454,373,2023-07-25,2379.27
1455,373,2023-06-22,2412.46
1456,373,2023-10-08,1509.31
1457,373,2023-05-20,947.82
1458,373,2023-02-25,2605.49
1459,373,2023-10-31,1122.3
1460,373,2023-10-19,1760.3
1461,373,2023-11-02,1918.46
1462,374,2022-12-29,625.71
1463,375,2023-12-24,964.79
1464,375,2023-08-25,1138.83
1465,375,2023-06-07,948.22
1466,375,2023-08-02,848.54
1467,376,2023-07-27,2546.31
1468,376,2023-10-02,1363.78
1469,376,2023-09-08,1201.32
1470,377,2022-11-15,503.36
1471,377,2023-01-12,539.53
1472,378,2022-12-22,481.33
1473,378,2022-12-01,1531.41
1474,378,2023-05-26,2199.26
1475,379,2023-07-15,646.22
1476,379,2023-03-11,1003.88
1477,379,2023-05-16,1087.15
1478,379,2023-03-15,957.13
1479,379,2023-08-12,947.56
1480,379,2023-01-07,1098.59
1481,380,2023-02-20,408.3
1482,380,2023-09-24,289.55
1483,381,2022-12-24,2076.67
1484,382,2023-06-08,1009.85
1485,382,2023-03-15,1785.2
1486,382,2023-06-21,2272.88
1487,382,2023-04-16,3031.76
1488,382,2023-04-05,1529.58
1489,382,2023-07-14,1478.07
1490,383,2023-02-08,486.47
1491,384,2023-04-29,279.07
1492,384,2023-03-10,272.44
1493,384,2023-07-12,488.33
1494,385,2023-07-12,509.0
1495,386,2023-02-11,1951.53
1496,386,2023-09-30,1966.23
1497,386,2023-05-23,2247.36
1498,386,2023-09-24,1541.08
1499,386,2023-07-29,1829.7
1500,387,2023-01-05,412.27
1501,388,2023-04-24,1845.99
1502,388,2023-05-12,2205.44
1503,388,2023-02-22,2346.29
1504,389,2023-10-06,501.72
1505,390,2023-08-11,991.46
1506,390,2023-06-28,1093.31
1507,390,2023-09-14,576.08
1508,390,2023-04-01,589.84
1509,391,2023-07-27,1431.0
1510,392,2023-05-11,513.11
1511,393,2023-02-28,280.29
1512,393,2022-12-17,372.37
1513,394,2022-12-29,260.01
1514,395,2022-11-19,501.6
1515,395,2023-01-30,213.67
1516,396,2022-07-18,246.06
1517,397,2023-10-11,553.95
1518,397,2023-07-11,1095.53
1519,397,2023-11-04,1334.43
1520,397,2023-04-03,502.49
1521,397,2023-03-21,730.03
1522,397,2023-06-18,1101.48
1523,397,2023-10-22,1490.03
1524,398,2022-11-30,389.15
1525,398,2022-09-04,149.82
1526,399,2023-10-22,851.58
1527,399,2023-03-27,974.07
1528,400,2023-03-28,334.13
1529,401,2023-01-13,493.03
1530,402,2023-05-17,2229.68
1531,402,2023-10-20,2228.26
1532,402,2023-10-05,1594.05
1533,402,2023-05-14,3475.75
1534,402,2023-10-05,1464.35
1535,402,2023-07-18,1827.95
1536,402,2023-09-11,3077.2
1537,402,2023-07-24,1793.04
1538,402,2023-06-06,1668.94
1539,403,2023-11-12,1395.99
1540,403,2023-03-16,1552.88
1541,403,2023-09-20,1055.81
1542,403,2023-04-30,1449.94
1543,403,2023-04-11,2321.46
1544,403,2023-05-25,1054.38
1545,403,2023-03-05,2216.2
1546,403,2023-10-01,1717.7
1547,403,2023-03-31,606.72
1548,403,2023-03-04,2494.93
1549,403,2023-08-04,2589.38
1550,403,2023-03-22,1395.43
1551,404,2023-09-08,572.02
1552,405,2023-09-24,2269.67
1553,405,2023-07-14,3014.05
1554,405,2023-06-18,2714.92
1555,405,2023-08-21,2715.46
1556,405,2023-12-09,1709.98
1557,405,2023-04-02,3022.87
1558,405,2023-12-16,1533.51
1559,405,2023-11-19,1795.46
1560,405,2023-10-17,1615.54
1561,406,2022-10-31,2089.7
1562,407,2023-11-16,1816.75
1563,407,2023-04-28,1727.59
1564,407,2023-05-28,1173.92
1565,407,2023-04-29,814.29
1566,407,2023-05-16,3071.94
1567,407,2023-08-20,1261.06
1568,407,2023-09-01,1525.59
1569,407,2023-06-13,1684.31
1570,408,2023-03-29,536.04
1571,409,2023-12-24,803.54
1572,409,2023-09-02,2337.08
1573,409,2023-03-11,232.55
1574,409,2023-05-14,1971.72
1575,409,2023-11-04,2237.88
1576,409,2023-03-30,2677.98
1577,409,2023-08-26,2230.75
1578,409,2023-12-03,1072.46
1579,410,2023-03-03,684.89
1580,410,2023-04-11,1431.01
1581,410,2023-05-04,1788.06
1582,410,2023-09-16,856.2
1583,410,2023-07-29,1865.27
1584,410,2023-07-09,1466.99
1585,410,2023-07-29,932.84
1586,410,2023-02-20,1710.15
1587,410,2023-09-18,1443.9
1588,410,2023-07-11,1450.04
1589,410,2023-11-08,2522.6
1590,411,2023-03-30,343.97
1591,412,2023-08-04,439.37
1592,413,2022-10-06,435.57
1593,413,2023-02-14,183.28
1594,413,2023-05-01,203.74
1595,414,2023-06-21,1875.8
1596,415,2023-04-25,2953.8
1597,415,2023-03-26,1630.6
1598,415,2023-05-09,2102.45
1599,415,2023-12-18,1341.55
1600,415,2023-04-12,1950.25
1601,415,2023-12-08,1627.51
1602,415,2023-09-26,248.7
1603,415,2023-10-18,1091.37
1604,416,2023-05-03,1892.71
1605,416,2023-09-12,1820.11
1606,416,2023-08-21,1674.29
1607,416,2023-04-28,1552.81
1608,416,2023-05-28,1035.42
1609,416,2023-05-06,3249.77
1610,416,2023-12-08,2508.4
1611,416,2023-09-07,1869.22
1612,416,2023-06-02,2370.49
1613,416,2023-04-13,1552.42
1614,416,2023-04-10,1734.63
1615,417,2023-07-27,2218.63
1616,417,2023-02-28,978.12
1617,417,2023-07-18,2066.54
1618,417,2023-09-26,1643.21
1619,417,2023-06-18,1884.36
1620,417,2023-09-07,1626.2
1621,417,2023-07-24,535.91
1622,417,2023-10-12,1499.37
1623,417,2023-10-14,1189.98
1624,417,2023-07-23,1450.06
1625,417,2023-09-04,1839.1
1626,417,2023-07-05,1550.34
1627,418,2023-10-01,612.55
1628,418,2023-01-31,892.46
1629,418,2023-07-08,587.81
1630,418,2023-07-20,923.16
1631,418,2023-05-18,1079.95
1632,418,2023-07-27,1664.88
1633,418,2023-06-12,1009.64
1634,419,2023-03-12,2852.54
1635,419,2023-10-12,1684.02
1636,419,2023-07-04,2767.34
1637,419,2023-06-04,895.97
1638,419,2023-05-29,2581.05
1639,419,2023-04-04,2904.36
1640,420,2023-09-01,946.86
1641,420,2023-08-22,1046.75
1642,420,2023-11-23,987.99
1643,420,2023-09-24,879.12
1644,420,2023-03-19,1334.88
1645,421,2023-10-02,297.28
1646,421,2023-05-30,114.81
1647,422,2023-03-06,341.28
1648,423,2023-10-23,1225.15
1649,423,2023-07-06,1026.37
1650,423,2023-08-11,757.62
1651,424,2023-02-28,1030.93
1652,424,2023-05-05,1177.66
1653,424,2023-11-08,218.34
1654,424,2023-04-04,439.92
1655,424,2023-08-01,549.35
1656,425,2023-05-26,889.16
1657,425,2023-07-31,828.1
1658,425,2023-12-07,1264.34
1659,425,2023-04-08,745.41
1660,425,2023-12-25,497.41
1661,425,2023-06-17,656.03
1662,426,2023-03-29,1566.73
1663,426,2023-07-13,2139.26
1664,426,2023-07-07,1215.95
1665,426,2023-12-13,1662.0
1666,426,2023-06-26,2752.7
1667,426,2023-08-13,2362.74
1668,426,2023-07-03,1894.3
1669,426,2023-04-11,134.14
1670,426,2023-07-22,2634.42
1671,426,2023-02-19,1913.72
1672,426,2023-08-22,1732.08
1673,426,2023-07-14,2131.55
1674,427,2023-02-07,323.93
1675,428,2023-02-14,216.83
1676,429,2023-04-27,2392.59
1677,429,2023-04-10,2243.08
1678,430,2023-09-05,813.66
1679,430,2022-12-27,1009.82
1680,431,2023-07-26,2624.32
1681,431,2023-12-10,1222.18
1682,431,2023-06-19,1958.06
1683,431,2023-11-04,1803.55
1684,431,2023-10-25,1663.91
1685,431,2023-08-10,1509.84
1686,432,2023-07-20,2698.12
1687,432,2023-07-13,3059.28
1688,432,2023-02-24,1753.24
1689,432,2023-09-13,1781.88
1690,432,2023-05-02,1736.11
1691,432,2023-09-19,1759.89
1692,432,2023-11-05,1234.54
1693,433,2022-10-23,286.11
1694,433,2023-04-28,401.62
1695,434,2023-02-16,349.66
1696,434,2023-08-03,328.06
1697,434,2022-11-28,462.39
1698,435,2023-04-26,969.49
1699,435,2023-08-02,989.06
1700,436,2023-06-06,1081.44
1701,436,2023-08-12,1195.34
1702,436,2023-07-04,1696.98
1703,436,2023-05-15,2378.59
1704,436,2023-04-19,1954.51
1705,436,2023-05-26,1381.03
1706,436,2023-03-10,1976.16
1707,437,2023-10-25,1936.19
1708,437,2023-05-07,1585.25
1709,438,2023-02-18,521.55
1710,439,2023-09-27,2165.95
1711,439,2023-07-06,1865.14
1712,439,2023-05-22,1512.13
1713,439,2023-08-23,1476.64
1714,439,2023-11-16,1624.17
1715,439,2023-10-24,1095.58
1716,439,2023-11-21,1672.93
1717,440,2022-12-18,238.06
1718,441,2023-01-08,387.26
1719,442,2023-05-18,1212.08
1720,442,2023-03-04,1033.38
1721,442,2023-08-18,1052.56
1722,442,2023-09-25,1658.68
1723,442,2023-12-02,468.11
1724,443,2022-11-09,1923.37
1725,443,2022-10-09,1422.47
1726,443,2023-02-11,1746.21
1727,444,2023-07-26,643.65
1728,444,2023-07-06,637.26
1729,444,2023-02-09,467.0
1730,445,2023-06-15,464.74
1731,446,2022-12-06,287.74
1732,446,2023-06-06,1670.14
1733,447,2023-01-30,652.67
1734,447,2023-01-31,1228.71
1735,448,2023-07-07,2596.23
1736,448,2023-09-06,1622.91
1737,448,2023-05-17,3295.88
1738,448,2023-10-02,261.1
1739,448,2023-10-06,187.3
1740,448,2023-09-16,3082.73
1741,448,2023-05-10,223.85
1742,448,2023-09-07,911.48
1743,449,2023-03-11,2318.1
1744,449,2023-05-21,1331.65
1745,449,2023-10-10,1931.07
1746,449,2023-09-09,997.06
1747,449,2023-03-12,1936.48
1748,449,2023-10-21,1517.01
1749,450,2023-11-13,1543.24
1750,450,2023-08-24,855.53
1751,450,2023-07-09,50.0
1752,450,2023-05-18,955.54
1753,450,2023-07-01,1064.68
1754,450,2023-03-24,954.71
1755,450,2023-03-12,834.52
1756,450,2023-04-18,643.28
1757,450,2023-08-01,729.91
1758,451,2023-06-18,852.0
1759,451,2023-01-17,603.73
1760,451,2023-09-19,1905.93
1761,451,2023-08-09,1326.89
1762,451,2023-09-09,1154.33
1763,452,2023-05-10,612.21
1764,452,2023-12-06,357.14
1765,452,2023-09-06,1173.35
1766,453,2022-12-14,1402.71
1767,453,2022-12-07,1970.64
1768,453,2023-05-30,1840.04
1769,453,2023-04-06,831.73
1770,454,2023-04-18,1367.83
1771,454,2023-07-05,2399.46
1772,454,2023-04-27,1800.56
1773,454,2023-10-04,1159.28
1774,454,2023-09-15,3187.89
1775,455,2022-10-04,496.59
1776,456,2023-08-02,2057.67
1777,456,2023-08-07,1219.25
1778,456,2023-12-29,1837.3
1779,456,2023-07-04,2499.83
1780,456,2023-05-30,2544.22
1781,456,2023-10-26,1483.39
1782,456,2023-07-04,1915.76
1783,456,2023-05-03,1954.78
1784,456,2023-08-03,1004.45
1785,457,2023-02-14,533.39
1786,458,2023-05-30,946.6
1787,458,2023-10-25,2098.3
1788,458,2023-06-03,1640.12
1789,458,2023-07-18,2155.26
1790,458,2023-12-07,2226.61
1791,458,2023-07-18,1617.23
1792,458,2023-07-05,1467.76
1793,458,2023-10-01,1709.72
1794,458,2023-12-06,867.97
1795,458,2023-12-18,874.51
1796,458,2023-06-22,2340.7
1797,458,2023-09-24,1422.73
1798,459,2023-08-29,1882.05
1799,459,2023-03-02,2477.74
1800,459,2023-08-20,1919.62
1801,459,2023-08-20,2495.95
1802,459,2023-07-21,1956.5
1803,459,2023-06-20,2234.04
1804,459,2023-10-30,1219.46
1805,459,2023-02-17,2023.15
1806,459,2023-06-04,1577.19
1807,459,2023-10-01,1008.6
1808,459,2023-10-18,2967.58
1809,459,2023-03-25,1729.25
1810,460,2023-09-11,200.78
1811,461,2023-02-27,1659.74
1812,461,2023-02-28,1888.35
1813,462,2023-05-06,464.59
1814,462,2023-06-21,392.56
1815,462,2023-05-21,602.17
1816,463,2023-05-13,1059.54
1817,464,2023-05-17,479.13
1818,464,2023-03-15,1226.64
1819,464,2023-06-22,1118.07
1820,464,2023-10-18,1219.01
1821,464,2023-11-12,1181.71
1822,465,2023-04-13,660.78
1823,465,2023-04-12,574.02
1824,465,2022-10-29,432.36
1825,465,2023-02-16,391.76
1826,466,2023-08-31,1647.67
1827,466,2023-12-10,1627.8
1828,466,2023-03-31,240.85
1829,466,2023-09-19,2357.95
1830,466,2023-06-05,1694.26
1831,466,2023-06-30,3030.31
1832,466,2023-02-20,1691.52
1833,466,2023-04-22,389.57
1834,467,2023-09-30,2086.85
1835,467,2023-09-24,1803.12
1836,467,2023-09-12,2453.5
1837,467,2023-08-16,2312.01
1838,467,2023-08-11,2187.24
1839,467,2023-11-11,2551.85
1840,467,2023-10-29,2076.95
1841,468,2023-04-13,1450.72
1842,469,2023-06-21,747.28
1843,469,2023-05-19,1231.25
1844,469,2023-07-24,335.96
1845,470,2022-12-26,388.82
1846,470,2023-02-28,337.15
1847,471,2023-08-20,1882.18
1848,471,2023-04-01,1841.9
1849,471,2023-03-30,3028.52
1850,471,2023-04-28,1841.91
1851,471,2023-09-10,1787.13
1852,471,2023-06-15,1643.67
1853,471,2023-06-14,2669.76
1854,471,2023-07-04,1606.44
1855,471,2023-04-19,894.33
1856,471,2023-02-08,1341.46
1857,471,2023-10-11,2753.94
1858,471,2023-04-27,1202.44
1859,472,2023-09-27,771.05
1860,472,2023-10-25,3022.94
1861,472,2023-04-22,1900.33
1862,472,2023-04-23,1481.73
1863,472,2023-08-30,2053.68
1864,472,2023-12-11,1611.16
1865,472,2023-08-25,1249.82
1866,472,2023-05-01,3185.48
1867,472,2023-12-31,1678.5
1868,472,2023-04-01,2657.52
1869,472,2023-04-23,1985.15
1870,472,2023-06-21,1429.23
1871,472,2023-03-30,2150.27
1872,472,2023-05-13,2851.96
1873,473,2022-11-29,251.16
1874,474,2023-04-27,523.13
1875,475,2023-02-10,2007.72
1876,475,2023-06-08,1604.03
1877,476,2023-04-20,723.93
1878,476,2023-06-23,700.33
1879,476,2023-01-23,573.74
1880,476,2022-12-30,920.39
1881,476,2023-07-19,1034.03
1882,477,2023-06-14,1836.47
1883,477,2023-04-24,710.81
1884,477,2023-04-01,1458.32
1885,477,2023-11-29,2184.71
1886,477,2023-08-23,2148.58
1887,477,2023-10-23,3520.04
1888,477,2023-04-15,1048.09
1889,477,2023-03-10,1904.58
1890,477,2023-09-25,1667.73
1891,478,2023-03-11,1474.11
1892,478,2023-02-04,576.52
1893,479,2023-12-04,1680.74
1894,479,2023-04-19,1518.95
1895,480,2022-09-10,1181.8
1896,481,2023-02-12,207.45
1897,481,2022-10-25,629.85
1898,481,2022-12-29,432.76
1899,481,2023-02-17,624.17
1900,482,2023-03-20,2506.28
1901,482,2023-05-06,1579.04
1902,482,2023-07-08,300.59
1903,482,2023-12-03,2010.6
1904,482,2023-11-12,2024.83
1905,482,2023-08-25,2761.39
1906,482,2023-10-13,874.4
1907,482,2023-11-26,1078.68
1908,482,2023-03-18,1324.24
1909,482,2023-08-15,960.5
1910,482,2023-12-18,1990.25
1911,483,2023-09-03,1579.47
1912,483,2023-08-31,1355.46
1913,483,2023-06-24,781.42
1914,483,2023-11-27,2581.15
1915,483,2023-10-25,880.51
1916,483,2023-07-28,1161.71
1917,483,2023-08-12,1861.41
1918,483,2023-05-22,3609.01
1919,483,2023-12-01,1197.43
1920,483,2023-05-05,1534.28
1921,483,2023-07-12,3073.38
1922,483,2023-08-29,2535.53
1923,484,2023-02-06,549.24
1924,484,2023-04-23,1131.57
1925,484,2023-10-30,837.37
1926,484,2023-09-11,818.7
1927,485,2023-08-12,476.97
1928,486,2023-03-17,1922.88
1929,487,2023-08-27,1147.16
1930,488,2022-08-27,396.09
1931,489,2023-02-15,530.83
1932,490,2022-11-19,424.05
1933,491,2023-12-20,1465.61
1934,491,2023-12-23,745.49
1935,491,2023-10-19,1634.84
1936,491,2023-08-23,1956.31
1937,491,2023-05-29,1231.6
1938,491,2023-05-15,1928.48
1939,491,2023-07-23,1935.09
1940,491,2023-07-02,1506.37
1941,491,2023-11-28,1232.2
1942,491,2023-09-10,1890.01
1943,492,2023-07-18,1972.41
1944,493,2023-09-30,936.43
1945,493,2023-03-12,520.75
1946,493,2023-08-25,344.51
1947,493,2023-11-17,845.3
1948,493,2023-11-03,783.43
1949,493,2023-09-27,1184.82
1950,493,2023-10-17,694.65
1951,493,2023-05-21,958.15
1952,494,2023-09-20,648.61
1953,494,2023-12-17,725.02
1954,494,2023-07-04,437.33
1955,495,2023-03-22,680.14
1956,495,2023-10-25,370.66
1957,495,2023-08-10,315.18
1958,495,2023-06-11,488.95
1959,496,2023-09-06,2063.48
1960,497,2023-02-02,133.13
1961,497,2023-06-15,416.02
1962,498,2023-08-14,1660.07
1963,498,2023-02-15,959.05
1964,498,2023-06-04,1742.66
1965,499,2023-07-10,2784.51
1966,499,2023-10-20,3084.48
1967,499,2023-08-08,2123.17
1968,499,2023-10-27,2300.09
1969,499,2023-10-05,2064.74
1970,499,2023-11-30,1218.86
1971,499,2023-05-26,2003.69
1972,499,2023-03-20,2174.74
1973,499,2023-05-18,1278.68
1974,499,2023-05-27,1592.91
1975,499,2023-03-09,1601.63
1976,499,2023-08-23,1681.09
1977,499,2023-06-26,2473.52
1978,500,2023-09-11,2465.13
1979,500,2023-04-11,1675.3
1980,500,2023-07-02,1750.41
1981,500,2023-09-05,1537.16
1982,500,2023-11-11,1482.21
1983,500,2023-02-21,2481.89
1984,500,2023-12-09,993.68
1985,500,2023-08-03,1294.51
1986,500,2023-05-06,2036.77
1987,500,2023-08-08,2363.75
1988,500,2023-11-10,1569.85
1989,500,2023-03-28,1903.9
1990,500,2023-04-01,2590.45
1991,501,2023-10-22,880.39
1992,501,2023-05-09,1351.91
1993,501,2023-07-14,829.5
1994,501,2023-05-31,974.48
1995,501,2023-07-12,1121.76
1996,502,2022-11-12,444.7
1997,503,2023-01-11,1211.67
1998,504,2023-06-01,1471.93
1999,505,2022-12-30,481.62
2000,506,2023-10-29,412.58
2001,506,2023-05-05,357.74
2002,506,2023-04-14,556.76
2003,506,2023-11-03,621.28
2004,507,2023-08-26,1565.82
2005,508,2023-09-17,1099.89
2006,508,2023-04-05,1348.85
2007,508,2023-08-01,1084.77
2008,508,2023-10-12,585.72
2009,508,2023-09-18,1575.5
2010,508,2023-09-01,766.42
2011,509,2023-08-09,368.67
2012,509,2023-04-03,553.13
2013,510,2023-10-01,928.86
2014,510,2023-11-06,1179.95
2015,510,2023-09-30,1012.75
2016,510,2023-09-05,767.35
2017,511,2023-08-03,508.52
2018,511,2023-03-31,463.07
2019,511,2023-07-09,552.72
2020,512,2023-07-15,1701.36
2021,512,2023-02-28,1811.48
2022,512,2023-10-22,2346.37
2023,513,2023-02-22,899.37
2024,513,2023-08-20,1187.31
2025,513,2023-06-12,1540.69
2026,513,2023-06-13,808.73
2027,513,2023-02-03,302.98
2028,514,2023-12-07,350.72
2029,514,2023-12-06,424.51
2030,515,2023-06-30,2278.93
2031,515,2023-01-09,1115.1
2032,515,2023-02-09,1541.01
2033,515,2022-10-26,834.34
2034,516,2022-12-15,423.1
2035,517,2023-10-28,1040.25
2036,517,2023-11-22,668.02
2037,517,2023-08-17,1208.4
2038,517,2023-07-18,954.61
2039,517,2023-11-19,971.43
2040,517,2023-04-07,511.95
2041,518,2023-05-25,1756.43
2042,518,2023-08-26,776.64
2043,518,2023-08-21,834.06
2044,519,2023-04-02,1659.86
2045,519,2023-07-16,2179.42
2046,519,2023-03-19,1434.61
2047,519,2023-10-31,1837.35
2048,519,2023-04-13,1513.0
2049,519,2023-07-06,2411.88
2050,519,2023-08-14,1381.06
2051,520,2023-06-23,1514.93
2052,520,2023-07-22,1664.89
2053,521,2023-04-24,611.4
2054,521,2023-03-11,900.73
2055,521,2023-02-24,846.92
2056,521,2023-01-12,1252.26
2057,521,2023-01-31,603.41
2058,522,2023-06-25,2217.93
2059,523,2023-05-02,1915.23
2060,523,2023-10-31,1214.17
2061,524,2023-10-19,527.64
2062,524,2023-09-16,928.48
2063,524,2023-10-09,907.82
2064,525,2023-09-28,2503.95
2065,525,2023-06-12,1918.53
2066,525,2023-06-28,2548.09
2067,525,2023-05-15,1556.69
2068,525,2023-05-28,1792.36
2069,525,2023-04-10,2001.27
2070,525,2023-08-04,1382.44
2071,525,2023-09-10,2340.59
2072,525,2023-07-22,1919.47
2073,525,2023-07-20,2938.83
2074,525,2023-06-26,1623.17
2075,525,2023-04-15,2341.42
2076,525,2023-04-22,2652.49
2077,526,2023-04-07,543.52
2078,527,2022-09-12,304.06
2079,527,2022-11-05,497.54
2080,528,2023-06-25,1466.91
2081,528,2023-06-03,2162.22
2082,528,2023-02-11,1517.28
2083,528,2023-10-06,2436.15
2084,528,2023-02-26,2021.68
2085,528,2023-04-23,2141.36
2086,528,2023-06-10,946.69
2087,528,2023-08-30,1010.46
2088,529,2023-06-28,1303.16
2089,529,2023-04-20,988.95
2090,529,2023-03-21,1691.93
2091,529,2023-12-10,2919.75
2092,529,2023-09-30,2098.64
2093,529,2023-04-03,411.83
2094,529,2023-07-04,1108.83
2095,529,2023-09-17,2428.77
2096,529,2023-05-23,2141.51
2097,529,2023-04-09,2435.15
2098,530,2023-06-26,580.85
2099,530,2023-03-19,92.93
2100,530,2023-02-19,319.41
2101,531,2023-06-10,771.83
2102,531,2023-02-03,2264.81
2103,531,2023-05-16,1225.52
2104,531,2022-12-30,1764.92
2105,531,2023-06-20,1736.61
2106,531,2023-06-14,1674.69
2107,532,2023-04-22,1397.09
2108,532,2023-01-19,923.05
2109,532,2022-11-09,1629.12
2110,532,2023-01-16,587.57
2111,533,2023-03-12,1568.47
2112,533,2023-08-16,2588.99
2113,533,2023-11-25,1998.98
2114,533,2023-11-04,2214.84
2115,533,2023-07-27,988.05
2116,534,2023-12-10,1162.35
2117,535,2023-05-05,194.54
2118,536,2023-05-18,472.52
2119,536,2023-09-11,499.57
2120,536,2023-06-17,319.61
2121,536,2023-01-04,416.55
2122,537,2023-01-22,1066.65
2123,537,2023-03-22,2168.48
2124,537,2023-07-05,1448.76
2125,537,2022-12-30,1526.6
2126,538,2023-08-10,844.91
2127,539,2023-05-22,1088.22
2128,539,2023-06-14,1371.13
2129,539,2023-10-04,1101.23
2130,539,2023-04-28,652.82
2131,539,2023-07-07,951.31
2132,539,2023-08-19,1379.35
2133,540,2023-09-12,1548.93
2134,540,2023-10-24,855.58
2135,540,2023-10-12,1685.58
2136,540,2023-04-29,752.8
2137,541,2023-05-02,443.33
2138,541,2023-05-14,288.29
2139,542,2023-02-18,1034.28
2140,542,2023-09-08,854.01
2141,542,2023-01-05,864.08
2142,542,2023-02-24,758.62
2143,543,2023-05-05,2080.11
2144,543,2023-05-09,729.56
2145,543,2023-04-24,2179.16
2146,543,2023-03-25,1136.94
2147,543,2023-05-30,1416.91
2148,543,2023-09-12,2567.81
2149,543,2023-04-15,3021.13
2150,543,2023-10-03,1760.73
2151,543,2023-08-30,2261.21
2152,544,2023-02-20,1478.58
2153,545,2023-05-20,358.93
2154,545,2023-07-02,1456.63
2155,545,2023-07-11,1884.43
2156,545,2023-09-16,2040.38
2157,545,2023-07-27,2807.34
2158,545,2023-07-07,1689.45
2159,546,2023-10-22,1011.21
2160,546,2023-02-05,485.36
2161,546,2023-08-02,456.82
2162,546,2023-01-30,1010.45
2163,546,2023-03-13,855.84
2164,546,2023-07-31,679.25
2165,546,2023-11-03,1009.13
2166,547,2023-04-19,707.22
2167,548,2023-07-24,1593.07
2168,548,2023-08-31,1769.64
2169,548,2023-07-21,989.23
2170,548,2023-03-26,2138.65
2171,548,2023-11-28,1883.22
2172,548,2023-08-23,1899.43
2173,548,2023-08-27,1338.51
2174,548,2023-07-21,1916.01
2175,549,2023-10-25,1407.46
2176,549,2023-07-15,2450.77
2177,549,2023-08-24,2023.5
2178,549,2023-06-10,1854.29
2179,549,2023-05-22,2202.72
2180,549,2023-12-07,2122.37
2181,549,2023-02-20,198.17
2182,549,2023-10-18,1695.82
2183,549,2023-10-17,1657.7
2184,549,2023-11-19,1130.7
2185,550,2023-03-23,2911.85
2186,550,2023-11-27,2428.24
2187,550,2023-05-18,1273.74
2188,550,2023-06-22,2948.81
2189,550,2023-03-14,2136.06
2190,550,2023-11-13,1535.2
2191,550,2023-09-13,1886.68
2192,551,2023-04-26,434.32
2193,551,2023-07-20,755.88
2194,551,2023-04-03,1278.19
2195,551,2023-02-20,894.81
2196,552,2023-09-05,1927.66
2197,552,2023-07-30,1856.06
2198,553,2023-03-14,109.17
2199,553,2022-09-09,267.54
2200,554,2023-07-04,1079.15
2201,554,2023-06-10,1577.53
2202,554,2023-02-24,1436.7
2203,554,2023-10-17,1059.8
2204,554,2023-02-21,1630.67
2205,554,2023-04-02,1706.13
2206,555,2023-07-16,950.59
2207,555,2023-07-11,948.9
2208,555,2023-08-31,1296.01
2209,555,2023-04-24,351.15
2210,555,2023-07-10,1273.74
2211,556,2022-11-21,205.75
2212,557,2023-05-25,2447.89
2213,557,2023-08-25,2143.9
2214,557,2023-09-08,1263.79
2215,557,2023-05-16,2361.16
2216,557,2023-10-14,1458.38
2217,557,2023-10-02,2536.2
2218,557,2023-08-03,2371.61
2219,557,2023-06-15,1044.46
2220,557,2023-02-22,1668.92
2221,557,2023-04-24,1661.09
2222,557,2023-08-09,1253.18
2223,558,2023-02-19,299.01
2224,559,2023-01-26,344.73
2225,560,2023-05-30,318.74
2226,560,2023-04-29,1017.61
2227,561,2022-11-10,295.39
2228,562,2023-06-12,452.26
2229,562,2023-01-29,435.03
2230,562,2023-04-02,1327.19
2231,562,2023-03-28,766.45
2232,563,2023-05-29,1972.3
2233,563,2023-05-16,269.83
2234,563,2023-08-26,1127.91
2235,564,2023-11-09,1108.81
2236,564,2023-06-20,1548.89
2237,564,2023-11-08,2334.92
2238,565,2023-08-09,2338.36
2239,565,2023-08-31,2044.45
2240,565,2023-03-17,591.8
2241,565,2023-08-13,715.25
2242,565,2023-09-14,506.89
2243,565,2023-05-17,2108.29
2244,565,2023-05-28,1733.87
2245,565,2023-03-08,2008.39
2246,565,2023-11-02,1941.12
2247,565,2023-09-03,2027.72
2248,565,2023-08-11,1584.25
2249,566,2023-03-10,386.06
2250,567,2023-10-18,994.91
2251,567,2023-05-07,1080.69
2252,568,2023-08-17,1343.71
2253,568,2023-05-05,703.94
2254,568,2023-07-11,948.06
2255,568,2023-03-02,1403.13
2256,569,2023-01-17,1209.52
2257,569,2023-01-18,544.92
2258,569,2023-08-27,861.43
2259,570,2023-08-10,477.19
2260,570,2023-08-15,512.71
2261,570,2023-06-25,340.88
2262,571,2023-03-18,1477.63
2263,571,2023-10-16,1741.21
2264,571,2023-05-14,1460.53
2265,571,2023-10-30,2321.0
2266,571,2023-04-18,2456.93
2267,571,2023-10-22,2170.12
2268,572,2022-12-07,517.66
2269,573,2023-06-29,852.58
2270,573,2023-09-19,1276.19
2271,573,2023-05-09,878.66
2272,573,2023-10-07,923.54
2273,574,2023-08-07,188.26
2274,574,2023-09-22,620.91
2275,574,2023-03-05,887.93
2276,574,2023-08-21,569.19
2277,575,2023-02-14,2061.85
2278,575,2023-03-16,1082.91
2279,576,2023-04-24,1769.67
2280,576,2023-05-10,2946.81
2281,576,2023-08-07,1640.76
2282,576,2023-06-30,1662.88
2283,576,2023-07-08,2387.17
2284,576,2023-09-22,1597.07
2285,577,2023-09-03,1050.95
2286,577,2023-04-04,1166.78
2287,577,2023-04-27,952.04
2288,577,2023-11-09,1128.96
2289,577,2023-06-30,821.26
2290,577,2023-03-08,860.17
2291,577,2023-04-30,1495.28
2292,578,2023-02-28,232.16
2293,579,2023-10-25,612.96
2294,580,2023-08-03,516.54
2295,580,2023-05-08,292.16
2296,580,2023-07-22,266.88
2297,581,2022-08-01,538.54
2298,581,2022-07-24,171.02
2299,582,2023-03-29,1521.39
2300,582,2023-08-01,1721.56
2301,582,2023-06-16,2018.53
2302,582,2023-02-23,1340.09
2303,582,2023-11-08,1438.87
2304,582,2023-06-23,1359.08
2305,582,2023-12-05,2570.45
2306,582,2023-07-23,2184.21
2307,583,2023-01-08,1382.78
2308,583,2022-11-27,1202.42
2309,584,2023-07-27,862.33
2310,584,2023-08-01,471.46
2311,584,2023-01-28,548.54
2312,584,2023-06-13,922.15
2313,584,2023-09-19,829.23
2314,584,2023-02-05,1125.53
2315,585,2023-11-05,1866.21
2316,585,2023-07-10,2395.43
2317,585,2023-09-07,1207.47
2318,585,2023-10-26,1399.99
2319,585,2023-06-03,1775.72
2320,585,2023-11-03,652.93
2321,585,2023-02-05,785.51
2322,585,2023-05-28,1697.55
2323,585,2023-07-07,1745.07
2324,586,2023-06-15,2138.08
2325,586,2023-11-15,530.66
2326,586,2023-08-14,1916.79
2327,586,2023-10-12,1100.81
2328,586,2023-05-21,2179.6
2329,586,2023-09-19,2647.47
2330,587,2022-12-12,213.87
2331,587,2022-11-30,185.46
2332,588,2023-03-02,433.92
2333,588,2023-04-05,574.44
2334,589,2023-01-04,350.81
2335,590,2023-07-13,967.71
2336,590,2023-10-24,529.32
2337,590,2023-03-24,2287.74
2338,590,2023-02-23,1839.72
2339,590,2023-06-27,1607.92
2340,590,2023-09-20,406.01
2341,590,2023-09-25,2485.17
2342,590,2023-07-06,2509.86
2343,590,2023-07-24,1461.3
2344,591,2023-01-18,447.48
2345,592,2023-07-23,787.25
2346,592,2023-09-26,1243.94
2347,592,2023-10-15,592.57
2348,592,2023-05-14,1143.74
2349,593,2023-06-01,1925.19
2350,593,2023-01-01,889.2
2351,593,2023-06-03,1523.88
2352,593,2022-11-22,1403.89
2353,594,2023-05-20,304.19
2354,594,2023-06-27,605.85
2355,595,2023-09-23,288.55
2356,595,2023-08-20,1405.68
2357,595,2023-12-02,1563.41
2358,595,2023-09-13,1918.29
2359,595,2023-07-10,2187.57
2360,595,2023-07-12,1119.65
2361,596,2023-06-13,386.14
2362,596,2023-02-17,314.78
2363,597,2023-09-04,853.38
2364,597,2023-04-26,655.64
2365,597,2023-01-27,1147.69
2366,598,2022-12-19,523.34
2367,598,2023-01-07,551.03
2368,599,2023-03-12,431.72
2369,600,2023-04-30,434.46
2370,601,2022-12-06,326.65
2371,601,2023-01-07,502.57
2372,602,2023-01-10,1259.1
2373,602,2023-05-04,1304.36
2374,603,2023-07-04,1174.4
2375,603,2023-07-20,999.41
2376,603,2023-08-26,3473.14
2377,603,2023-06-06,2546.15
2378,603,2023-04-22,926.74
2379,603,2023-06-07,2207.11
2380,604,2023-04-10,392.22
2381,604,2023-09-24,468.01
2382,605,2022-08-26,668.79
2383,605,2023-05-05,356.19
2384,605,2022-10-15,239.55
2385,606,2023-03-21,1475.68
2386,606,2023-02-18,776.63
2387,606,2023-09-27,818.7
2388,606,2023-05-14,497.71
2389,606,2023-08-27,1072.57
2390,606,2023-01-14,536.3
2391,607,2023-07-29,322.69
2392,607,2023-07-01,835.56
2393,607,2023-06-13,1045.28
2394,607,2023-10-05,173.66
2395,607,2023-03-27,1049.57
2396,607,2023-09-27,1041.82
2397,607,2023-05-19,1047.22
2398,608,2022-12-27,1743.84
2399,609,2023-05-30,742.49
2400,609,2023-02-26,987.43
2401,609,2023-09-20,1226.36
2402,609,2023-10-07,686.67
2403,610,2023-03-17,1412.84
2404,610,2023-07-16,1943.83
2405,610,2023-05-03,1271.01
2406,610,2023-09-04,1889.86
2407,611,2022-10-15,394.88
2408,612,2023-06-07,474.26
2409,612,2023-06-23,402.99
2410,613,2023-07-24,1301.95
2411,613,2023-05-30,1065.76
2412,614,2023-10-02,957.74
2413,614,2023-07-18,96.12
2414,614,2023-03-07,465.19
2415,614,2023-01-11,574.59
2416,614,2023-08-31,1644.77
2417,615,2023-06-17,1423.89
2418,615,2023-04-10,403.58
2419,616,2023-10-20,1887.7
2420,616,2023-10-13,2409.35
2421,616,2023-08-12,820.12
2422,616,2023-09-29,1777.49
2423,616,2023-09-30,2801.31
2424,616,2023-02-27,1140.59
2425,616,2023-09-20,2087.7
2426,616,2023-03-02,1550.8
2427,616,2023-10-30,2067.99
2428,616,2023-09-19,2441.95
2429,617,2023-11-25,1888.51
2430,617,2023-10-29,1678.2
2431,617,2023-10-17,1851.8
2432,617,2023-11-25,909.75
2433,617,2023-03-07,2303.77
2434,617,2023-07-10,1341.1
2435,617,2023-11-05,2011.29
2436,617,2023-11-30,1297.14
2437,618,2023-05-20,984.67
2438,618,2023-03-01,1610.33
2439,618,2022-12-20,1030.09
2440,618,2023-03-09,1282.17
2441,618,2023-08-15,840.43
2442,619,2023-09-18,751.7
2443,619,2023-05-16,1615.95
2444,620,2023-12-17,113.48
2445,621,2023-05-28,1102.74
2446,621,2022-12-22,1138.64
2447,621,2023-09-26,996.49
2448,621,2023-07-10,1142.3
2449,621,2023-01-07,1720.19
2450,621,2023-02-08,542.89
2451,622,2023-09-16,2753.36
2452,622,2023-11-12,1771.22
2453,622,2023-07-21,2201.29
2454,622,2023-05-08,1385.22
2455,622,2023-05-19,688.67
2456,622,2023-11-02,1457.71
2457,622,2023-10-02,2153.97
2458,622,2023-09-30,2143.07
2459,622,2023-08-26,1488.34
2460,622,2023-03-25,2277.03
2461,622,2023-03-15,1440.28
2462,623,2023-09-16,770.12
2463,623,2023-01-30,1026.22
2464,623,2023-01-09,712.22
2465,623,2023-04-11,595.18
2466,624,2023-10-21,1455.18
2467,624,2023-04-29,1537.19
2468,624,2023-11-16,1489.73
2469,624,2023-10-07,1133.99
2470,624,2023-11-21,2182.43
2471,624,2023-06-07,1050.94
2472,625,2023-09-19,1150.99
2473,625,2023-02-15,995.79
2474,625,2023-07-09,655.78
2475,625,2023-05-25,748.83
2476,625,2023-10-09,335.12
2477,625,2023-06-06,1211.04
2478,625,2023-01-14,963.34
2479,626,2023-05-05,254.98
2480,627,2023-05-01,689.85
2481,627,2023-06-14,1109.04
2482,627,2022-12-30,825.61
2483,627,2023-06-20,798.05
2484,628,2023-07-26,1781.64
2485,628,2023-08-07,1013.07
2486,628,2023-09-10,2356.55
2487,628,2023-07-06,2281.97
2488,628,2023-12-07,2235.71
2489,628,2023-08-17,2809.46
2490,628,2023-03-03,1453.96
2491,628,2023-03-19,1760.83
2492,629,2023-09-09,1166.94
2493,629,2023-05-14,1413.15
2494,630,2023-09-11,2399.16
2495,630,2023-03-26,794.38
2496,630,2023-07-29,886.08
2497,630,2023-11-19,2063.66
2498,630,2023-05-13,1901.65
2499,631,2023-09-18,1080.49
2500,631,2023-03-27,1459.14
2501,631,2023-08-14,681.67
2502,631,2023-08-04,886.97
2503,631,2023-05-10,1267.84
2504,632,2023-02-23,250.73
2505,632,2023-05-10,318.67
2506,632,2023-01-30,597.81
2507,633,2023-09-18,2083.61
2508,633,2023-07-22,1940.17
2509,633,2023-02-27,3638.71
2510,633,2023-06-25,50.0
2511,633,2023-11-25,1529.6
2512,633,2023-11-04,1584.58
2513,633,2023-11-14,1963.76
2514,633,2023-07-18,2831.87
2515,633,2023-10-18,1656.82
2516,633,2023-11-10,2255.74
2517,633,2023-04-13,2541.61
2518,633,2023-08-12,1881.26
2519,634,2023-02-08,962.59
2520,634,2023-09-01,1028.67
2521,634,2023-07-09,579.04
2522,634,2023-10-07,1142.11
2523,635,2023-05-05,1344.09
2524,636,2023-07-14,846.03
2525,636,2023-02-21,956.38
2526,636,2023-09-07,826.18
2527,636,2022-12-23,1064.5
2528,636,2023-07-30,1217.8
2529,636,2023-06-12,1030.68
2530,636,2023-03-20,418.88
2531,636,2023-10-02,669.64
2532,637,2023-07-12,1411.12
2533,637,2023-07-15,1700.34
2534,638,2023-07-25,347.56
2535,638,2023-07-26,530.02
2536,639,2023-08-30,1748.71
2537,639,2023-04-24,1223.25
2538,639,2023-08-02,1337.07
2539,639,2023-07-23,1747.47
2540,639,2023-03-13,2047.15
2541,640,2023-08-21,1019.97
2542,641,2023-02-13,383.35
2543,642,2023-11-28,2094.87
2544,642,2023-10-30,1287.64
2545,643,2023-06-05,1832.26
2546,643,2023-05-20,2587.98
2547,643,2023-08-10,1220.05
2548,643,2023-03-13,1486.22
2549,643,2023-09-21,1069.16
2550,643,2023-08-07,2502.95
2551,643,2023-08-23,2690.83
2552,643,2023-04-21,2190.86
2553,643,2023-11-26,752.64
2554,643,2023-06-23,1418.99
2555,643,2023-05-09,1444.01
2556,643,2023-06-28,1811.39
2557,643,2023-06-16,2288.5
2558,643,2023-09-13,1081.76
2559,644,2023-01-27,1123.77
2560,644,2023-11-09,1099.94
2561,645,2023-05-17,1516.45
2562,645,2023-12-04,2658.04
2563,645,2023-10-26,2480.75
2564,645,2023-04-11,1640.17
2565,645,2023-07-01,1913.0
2566,645,2023-07-25,1737.03
2567,645,2023-09-30,1221.7
2568,645,2023-12-02,2299.06
2569,645,2023-12-10,2275.8
2570,645,2023-03-01,1226.88
2571,645,2023-04-22,2647.93
2572,645,2023-04-27,1323.21
2573,645,2023-07-21,1399.59
2574,646,2023-09-03,419.99
2575,646,2023-02-28,440.62
2576,647,2023-04-09,887.87
2577,647,2023-09-12,702.36
2578,648,2023-04-21,304.68
2579,648,2022-12-09,477.73
2580,649,2023-04-05,588.65
2581,649,2023-11-02,1100.07
2582,649,2023-06-03,670.13
2583,650,2023-09-19,567.9
2584,650,2023-05-03,974.55
2585,650,2023-06-10,1242.78
2586,650,2023-04-23,619.65
2587,650,2023-09-26,776.08
2588,651,2023-06-15,679.74
2589,651,2023-09-22,890.38
2590,651,2023-10-14,642.94
2591,652,2023-03-22,3593.29
2592,652,2023-12-01,1854.57
2593,652,2023-05-13,298.92
2594,652,2023-04-11,2886.54
2595,652,2023-03-09,1604.18
2596,652,2023-05-11,2220.03
2597,652,2023-07-19,1001.11
2598,653,2023-10-31,1110.41
2599,653,2023-06-15,918.15
2600,653,2023-12-25,1006.96
2601,654,2023-03-06,3286.65
2602,654,2023-04-21,2020.21
2603,654,2023-05-07,2428.01
2604,655,2022-11-30,158.75
2605,655,2022-10-18,630.97
2606,656,2023-04-11,504.82
2607,656,2022-09-23,559.17
2608,656,2022-12-25,560.49
2609,656,2023-03-05,442.35
2610,657,2023-09-19,2083.81
2611,657,2023-12-29,1714.11
2612,657,2023-12-17,1017.89
2613,657,2023-04-27,1631.08
2614,657,2023-07-21,2085.15
2615,657,2023-12-11,1047.43
2616,657,2023-05-20,2133.35
2617,657,2023-04-30,809.24
2618,657,2023-10-28,2801.6
2619,657,2023-06-06,1081.88
2620,658,2023-10-21,995.18
2621,658,2023-09-21,1092.83
2622,658,2023-08-02,1458.65
2623,658,2023-05-14,2264.37
2624,658,2023-10-10,1575.2
2625,658,2023-06-01,1897.63
2626,658,2023-03-05,762.47
2627,658,2023-09-06,1572.4
2628,658,2023-05-16,2939.22
2629,658,2023-07-03,1549.85
2630,658,2023-05-14,2097.22
2631,659,2023-09-23,595.87
2632,660,2023-03-30,1320.5
2633,660,2023-09-15,2443.03
2634,660,2023-09-18,1196.05
2635,660,2023-12-10,1868.34
2636,660,2023-08-02,1750.62
2637,660,2023-04-19,1402.74
2638,660,2023-03-20,2472.93
2639,660,2023-02-17,3021.31
2640,660,2023-02-15,1231.95
2641,660,2023-02-28,969.13
2642,660,2023-02-25,1966.88
2643,660,2023-09-27,1878.3
2644,661,2023-12-06,1444.42
2645,661,2023-11-20,3311.41
2646,661,2023-06-02,2390.52
2647,661,2023-11-09,1562.87
2648,661,2023-12-08,2176.9
2649,661,2023-02-27,1789.85
2650,661,2023-03-04,1440.92
2651,661,2023-11-09,2407.57
2652,661,2023-10-15,1565.47
2653,661,2023-08-01,3081.81
2654,661,2023-12-11,2105.04
2655,661,2023-03-27,585.82
2656,662,2023-07-30,911.28
2657,662,2023-06-06,1458.32
2658,662,2023-04-28,1251.71
2659,663,2022-10-24,259.95
2660,664,2023-08-24,1614.9
2661,664,2023-04-26,2111.06
2662,664,2023-05-18,1351.27
2663,664,2023-09-11,1451.94
2664,665,2023-02-10,1679.59
2665,665,2023-09-29,1711.7
2666,665,2023-09-26,2776.82
2667,665,2023-02-13,2792.91
2668,665,2023-06-09,1672.9
2669,665,2023-02-18,2136.95
2670,665,2023-05-09,436.57
2671,665,2023-06-01,2119.4
2672,665,2023-07-17,1377.3
2673,665,2023-05-29,1810.13
2674,665,2023-02-27,1678.94
2675,665,2023-03-18,1498.84
2676,666,2023-06-21,1007.74
2677,666,2023-02-14,941.65
2678,667,2023-03-26,1747.79
2679,667,2023-11-27,1869.43
2680,667,2023-03-27,1787.54
2681,667,2023-04-05,2043.49
2682,667,2023-07-25,1344.5
2683,667,2023-09-13,2578.04
2684,667,2023-08-16,3151.34
2685,667,2023-07-03,3136.17
2686,667,2023-11-16,1784.6
2687,667,2023-04-18,1334.66
2688,667,2023-07-01,2438.47
2689,667,2023-06-10,1446.18
2690,668,2023-03-11,633.99
2691,668,2023-09-10,890.82
2692,668,2023-09-09,1085.97
2693,669,2023-03-13,1397.83
2694,669,2023-07-24,2542.42
2695,669,2023-10-21,1815.56
2696,669,2023-12-02,792.6
2697,669,2023-03-11,2043.81
2698,669,2023-04-23,2852.57
2699,669,2023-08-02,2130.41
2700,669,2023-09-01,1139.72
2701,670,2023-07-17,2581.27
2702,670,2023-06-23,1952.34
2703,670,2023-08-21,1686.19
2704,670,2023-08-24,2123.47
2705,670,2023-02-03,2219.91
2706,670,2023-11-14,2636.84
2707,670,2023-02-05,50.0
2708,670,2023-05-26,1701.88
2709,670,2023-06-05,1653.62
2710,670,2023-08-18,2525.51
2711,670,2023-06-06,1260.41
2712,670,2023-02-02,2594.3
2713,671,2023-03-23,1554.63
2714,671,2023-04-26,1089.24
2715,671,2023-12-09,1390.36
2716,672,2023-06-30,1869.69
2717,672,2023-10-15,1596.5
2718,673,2023-02-15,523.26
2719,673,2023-02-11,189.29
2720,673,2023-02-02,525.27
2721,674,2023-09-15,307.47
2722,674,2023-03-23,1174.2
2723,674,2023-04-29,862.81
2724,674,2023-04-12,1210.26
2725,674,2023-07-31,987.89
2726,674,2023-10-23,1062.34
2727,675,2023-11-10,1247.46
2728,675,2023-06-14,1156.5
2729,676,2023-03-12,233.69
2730,677,2023-05-20,1330.02
2731,677,2023-03-01,2151.46
2732,678,2023-11-03,169.09
2733,679,2023-04-19,2202.17
2734,679,2022-10-22,1528.74
2735,680,2023-10-09,1273.49
2736,680,2023-03-18,1280.53
2737,680,2023-06-18,668.79
2738,680,2023-01-05,50.0
2739,681,2023-10-28,2338.71
2740,681,2023-03-22,559.24
2741,681,2023-03-11,2041.8
2742,681,2023-08-17,1293.3
2743,681,2023-08-22,2352.46
2744,681,2023-07-29,1747.15
2745,681,2023-10-09,2309.58
2746,681,2023-07-19,2251.6
2747,681,2023-10-30,1915.78
2748,681,2023-12-24,1736.84
2749,681,2023-07-15,2444.24
2750,681,2023-11-10,2429.98
2751,682,2023-04-29,984.47
2752,683,2023-04-06,1284.97
2753,683,2023-04-08,578.0
2754,683,2023-09-14,1052.29
2755,684,2023-01-15,741.76
2756,684,2023-05-25,1054.57
2757,684,2023-04-01,1585.81
2758,684,2023-03-08,1129.45
2759,685,2023-06-17,1719.56
2760,685,2023-02-18,1694.27
2761,686,2023-08-19,1975.39
2762,686,2023-12-04,2106.1
2763,686,2023-06-28,1731.48
2764,686,2023-04-09,2226.41
2765,686,2023-05-29,1817.3
2766,686,2023-07-20,1125.64
2767,686,2023-09-22,2529.93
2768,686,2023-04-15,1831.89
2769,687,2023-11-26,1353.19
2770,687,2023-06-04,2635.72
2771,687,2023-10-24,1216.7
2772,687,2023-08-06,2325.86
2773,687,2023-07-31,1884.88
2774,687,2023-05-04,1652.67
2775,687,2023-04-18,1467.82
2776,688,2023-02-10,1173.33
2777,688,2023-07-11,874.29
2778,689,2023-05-15,645.94
2779,689,2023-03-21,989.46
2780,689,2023-03-04,930.84
2781,689,2023-03-23,746.01
2782,689,2023-03-27,554.63
2783,689,2023-10-16,880.7
2784,690,2022-08-02,419.57
2785,690,2023-04-17,592.76
2786,690,2023-01-23,461.38
2787,691,2023-12-14,1180.5
2788,691,2023-04-21,1660.38
2789,691,2023-09-12,1062.1
2790,691,2023-05-04,568.66
2791,692,2023-05-10,2223.81
2792,692,2023-06-17,916.26
2793,693,2023-10-17,530.5
2794,693,2023-11-27,1055.0
2795,694,2023-07-26,1255.32
2796,694,2023-04-01,1258.17
2797,694,2023-07-22,493.17
2798,694,2023-08-11,589.08
2799,694,2023-09-11,1684.46
2800,694,2023-11-21,948.68
2801,695,2023-04-17,392.75
2802,696,2023-11-23,1329.01
2803,696,2023-07-18,1719.37
2804,696,2023-06-08,1648.52
2805,697,2023-06-25,453.89
2806,697,2023-03-02,983.48
2807,698,2023-02-22,277.69
2808,699,2023-02-21,1252.23
2809,700,2023-02-04,1873.58
2810,700,2023-08-17,2019.87
2811,700,2023-05-05,1521.77
2812,700,2023-06-12,2375.76
2813,700,2023-08-14,3120.41
2814,700,2023-10-07,1507.08
2815,700,2023-04-10,2691.67
2816,701,2023-03-23,433.26
2817,701,2022-12-17,203.0
2818,701,2023-03-29,50.0
2819,701,2023-01-19,361.94
2820,702,2023-01-06,594.26
2821,702,2023-04-15,421.85
2822,703,2023-04-02,1642.76
2823,704,2023-08-13,2275.73
2824,704,2023-11-12,2189.24
2825,704,2023-10-11,1022.57
2826,704,2023-11-19,2031.64
2827,704,2023-04-01,2480.93
2828,704,2023-09-07,1930.74
2829,704,2023-07-01,2348.09
2830,705,2023-11-16,2846.76
2831,705,2023-08-02,2877.29
2832,705,2023-03-31,2117.67
2833,705,2023-03-30,892.62
2834,705,2023-10-21,1478.7
2835,705,2023-03-02,1121.62
2836,705,2023-05-14,2924.01
2837,705,2023-09-14,1467.34
2838,705,2023-10-03,1465.24
2839,705,2023-04-25,1299.91
2840,706,2023-11-22,2471.91
2841,706,2023-11-20,1958.68
2842,706,2023-12-15,2059.85
2843,706,2023-08-28,1298.69
2844,706,2023-03-21,1591.94
2845,706,2023-10-04,1057.64
2846,706,2023-03-30,2084.01
2847,707,2023-03-07,1097.54
2848,707,2023-05-15,607.59
2849,707,2023-08-28,938.84
2850,707,2023-06-11,696.21
2851,707,2023-03-19,703.41
2852,707,2023-02-21,1064.68
2853,707,2023-05-07,744.37
2854,707,2023-04-20,115.35
2855,707,2023-08-15,1094.22
2856,707,2023-04-05,1072.73
2857,708,2023-08-30,1635.92
2858,708,2023-03-19,1488.41
2859,708,2023-09-22,1618.93
2860,708,2023-10-06,2016.78
2861,708,2023-07-22,1057.0
2862,708,2023-08-07,1771.28
2863,709,2023-09-11,1829.24
2864,709,2023-06-25,2634.08
2865,709,2023-04-11,1175.78
2866,709,2023-03-23,1236.31
2867,709,2023-04-13,1959.57
2868,710,2023-04-06,1299.43
2869,710,2023-08-16,852.87
2870,710,2023-06-23,719.59
2871,710,2023-07-25,706.27
2872,710,2023-07-21,1490.51
2873,710,2023-10-19,1215.92
2874,710,2023-04-13,943.71
2875,711,2023-08-26,1432.56
2876,711,2023-05-06,2117.58
2877,711,2023-10-02,2888.61
2878,711,2023-10-23,3759.49
2879,711,2023-07-29,2577.75
2880,711,2023-10-13,2191.0
2881,711,2023-11-13,1442.54
2882,711,2023-10-17,1500.12
2883,711,2023-03-19,1477.67
2884,711,2023-10-06,1608.49
2885,712,2023-05-29,1085.22
2886,712,2023-03-14,1368.59
2887,712,2023-05-05,1823.14
2888,712,2023-05-18,1217.92
2889,712,2023-07-09,1105.14
2890,712,2023-04-20,783.79
2891,713,2023-04-20,1899.81
2892,714,2022-12-19,1536.35
2893,715,2023-08-31,935.26
2894,715,2023-07-07,1856.16
2895,715,2023-06-06,1861.36
2896,715,2023-02-28,1119.58
2897,715,2023-11-04,1436.68
2898,715,2023-05-04,1077.78
2899,715,2023-04-18,2929.17
2900,715,2023-06-19,487.84
2901,715,2023-03-28,1430.76
2902,715,2023-04-26,2253.05
2903,715,2023-03-17,2117.42
2904,715,2023-12-21,1680.52
2905,716,2023-06-07,327.66
2906,717,2022-12-23,324.94
2907,718,2023-07-13,1207.15
2908,718,2023-09-22,1142.36
2909,719,2023-03-15,566.37
2910,719,2023-03-24,456.94
2911,719,2023-04-12,290.24
2912,720,2022-09-19,575.13
2913,720,2023-03-05,407.03
2914,721,2023-09-19,984.35
2915,721,2023-03-26,972.21
2916,721,2023-02-17,555.14
2917,722,2023-04-16,1347.37
2918,723,2023-05-10,302.91
2919,724,2023-04-11,248.77
2920,724,2022-09-27,282.33
2921,725,2023-06-24,1523.64
2922,726,2023-07-12,2736.61
2923,726,2023-12-06,2821.2
2924,726,2023-07-21,1833.33
2925,726,2023-05-29,1922.93
2926,726,2023-11-16,2392.74
2927,726,2023-11-20,2538.57
2928,726,2023-03-25,1675.76
2929,727,2023-07-19,2087.67
2930,727,2023-07-20,1834.55
2931,727,2023-03-15,516.97
2932,728,2023-10-17,2213.33
2933,728,2023-10-17,2950.82
2934,728,2023-09-15,1077.8
2935,729,2023-03-22,469.57
2936,730,2023-07-22,952.23
2937,730,2023-02-01,1315.57
2938,730,2023-01-28,851.67
2939,730,2023-01-07,977.95
2940,731,2023-02-27,861.26
2941,731,2023-01-17,1889.89
2942,731,2022-10-12,975.0
2943,731,2023-05-20,2023.83
2944,732,2023-05-28,961.17
2945,732,2023-06-07,847.87
2946,732,2023-02-19,898.09
2947,733,2023-06-12,834.71
2948,733,2023-05-24,2620.12
2949,733,2023-06-30,2479.61
2950,733,2023-07-22,2430.11
2951,733,2023-10-08,1544.76
2952,733,2023-07-22,1960.47
2953,733,2023-09-05,2544.34
2954,733,2023-06-28,1100.34
2955,734,2023-04-04,158.97
2956,734,2023-11-15,1217.43
2957,734,2023-08-22,635.26
2958,735,2022-07-29,136.1
2959,736,2022-09-20,597.85
2960,736,2022-09-11,591.19
2961,736,2023-03-27,417.66
2962,736,2022-11-21,580.32
2963,737,2023-01-21,465.18
2964,737,2023-04-02,600.86
2965,737,2023-09-10,753.11
2966,737,2023-02-20,844.71
2967,737,2023-07-10,963.3
2968,738,2022-11-06,419.32
2969,739,2023-12-06,552.68
2970,739,2023-10-08,537.02
2971,740,2023-06-21,350.8
2972,741,2023-03-29,442.22
2973,741,2023-12-04,480.88
2974,742,2023-11-21,1491.72
2975,742,2023-02-25,1143.43
2976,742,2023-09-03,1896.68
2977,742,2023-04-27,2219.66
2978,742,2023-05-30,3006.61
2979,742,2023-05-09,2604.16
2980,743,2023-04-11,593.46
2981,744,2023-04-16,1280.24
2982,745,2023-11-02,922.47
2983,745,2023-08-31,1596.85
2984,745,2023-10-28,791.74
2985,745,2023-11-22,1149.48
2986,745,2023-03-19,215.0
2987,746,2023-02-12,881.44
2988,746,2023-05-05,797.09
2989,746,2023-04-20,1970.75
2990,746,2023-09-11,2881.15
2991,746,2023-10-03,2489.59
2992,746,2023-03-08,1572.94
2993,746,2023-09-29,3362.51
2994,746,2023-08-12,1204.02
2995,746,2023-07-08,2323.28
2996,746,2023-10-04,1592.07
2997,746,2023-05-28,1932.69
2998,747,2023-05-25,1821.14
2999,747,2023-11-04,1806.88
3000,747,2023-06-17,477.39
3001,747,2023-10-27,1382.17
3002,747,2023-06-10,2508.65
3003,747,2023-11-02,1919.44
3004,747,2023-12-05,2122.62
3005,747,2023-11-05,1988.89
3006,747,2023-10-22,2765.72
3007,748,2023-06-10,531.33
3008,749,2023-07-20,526.13
3009,749,2023-09-14,1249.33
3010,750,2023-02-09,486.57
3011,750,2023-03-10,404.76
3012,750,2023-05-02,341.93
3013,751,2023-09-28,1318.09
3014,751,2023-06-11,708.36
3015,751,2023-07-10,1410.6
3016,751,2023-07-15,540.95
3017,751,2023-01-11,1020.12
3018,752,2023-02-26,397.96
3019,753,2023-10-30,325.69
3020,753,2023-09-07,315.21
3021,754,2023-03-27,485.63
3022,754,2023-02-12,318.93
3023,755,2023-03-07,692.06
3024,755,2023-01-25,679.24
3025,755,2023-09-09,1033.23
3026,755,2023-07-15,1225.86
3027,755,2023-10-09,979.04
3028,756,2023-04-27,1365.33
3029,756,2023-05-12,1966.52
3030,756,2023-07-18,2494.51
3031,756,2023-05-24,2063.85
3032,756,2023-07-05,1222.14
3033,756,2023-09-09,2425.65
3034,756,2023-02-25,909.23
3035,756,2023-06-24,2917.81
3036,757,2023-08-16,396.21
3037,758,2023-07-29,2745.71
3038,758,2023-11-14,1154.7
3039,758,2023-03-06,2283.56
3040,758,2023-02-25,907.54
3041,758,2023-02-23,1389.75
3042,758,2023-05-01,1510.98
3043,758,2023-10-31,1580.1
3044,758,2023-10-01,1601.72
3045,759,2023-07-06,1433.34
3046,759,2023-08-02,923.72
3047,759,2023-09-21,857.95
3048,759,2023-11-21,1351.43
3049,759,2023-08-01,4082.07
3050,759,2023-05-07,1157.77
3051,759,2023-10-23,1904.11
3052,759,2023-04-18,990.77
3053,759,2023-07-03,1884.86
3054,759,2023-12-02,2084.36
3055,760,2023-03-25,371.61
3056,760,2023-07-05,1152.04
3057,760,2023-06-09,1132.1
3058,761,2023-10-28,1202.06
3059,761,2023-05-18,761.15
3060,761,2023-05-09,756.21
3061,761,2023-09-20,666.43
3062,761,2023-07-02,762.72
3063,761,2023-06-28,1153.04
3064,762,2023-05-09,728.95
3065,762,2023-04-14,1363.95
3066,762,2023-12-10,2717.38
3067,762,2023-08-01,2161.34
3068,762,2023-07-01,1122.78
3069,762,2023-09-12,1835.31
3070,763,2023-03-14,2006.27
3071,763,2023-10-18,2061.58
3072,763,2023-11-27,2762.98
3073,763,2023-09-29,731.6
3074,763,2023-03-06,1484.97
3075,763,2023-03-12,2693.01
3076,763,2023-10-17,1434.68
3077,764,2022-12-07,468.85
3078,764,2023-04-13,278.97
3079,764,2022-12-07,360.96
3080,764,2022-09-16,241.47
3081,765,2023-03-17,1214.94
3082,765,2023-11-24,1278.88
3083,765,2023-02-19,2256.05
3084,765,2023-07-17,300.31
3085,766,2023-03-07,326.89
3086,766,2023-01-25,532.54
3087,766,2023-03-12,461.19
3088,767,2023-05-16,322.46
3089,768,2023-09-06,670.52
3090,768,2023-02-13,772.66
3091,768,2023-04-11,976.73
3092,768,2023-04-13,941.27
3093,768,2023-01-17,868.18
3094,768,2023-10-12,1258.26
3095,768,2023-03-26,1206.2
3096,768,2023-10-13,841.28
3097,769,2023-06-05,449.87
3098,769,2023-10-13,634.8
3099,770,2023-03-13,429.76
3100,771,2023-08-21,2084.36
3101,771,2023-07-20,2505.21
3102,771,2023-10-05,1576.71
3103,771,2023-11-10,1347.05
3104,771,2023-09-07,1992.04
3105,771,2023-12-18,1824.55
3106,771,2023-04-23,2065.45
3107,771,2023-09-06,1222.28
3108,771,2023-07-26,1620.16
3109,771,2023-11-04,2313.6
3110,771,2023-03-02,2603.12
3111,772,2023-09-25,1756.3
3112,772,2023-06-26,1440.59
3113,772,2023-03-08,2158.69
3114,772,2023-04-22,1605.21
3115,772,2023-03-22,1907.75
3116,772,2023-06-27,2213.53
3117,772,2023-05-25,1679.45
3118,772,2023-11-13,1758.12
3119,772,2023-09-15,2143.13
3120,772,2023-12-22,2500.02
3121,772,2023-05-01,2181.67
3122,772,2023-07-27,1230.18
3123,772,2023-09-30,1521.67
3124,773,2022-12-25,384.76
3125,774,2023-10-01,409.11
3126,775,2023-04-01,1800.52
3127,775,2023-03-16,1824.16
3128,775,2023-09-13,1921.78
3129,775,2023-11-16,1562.5
3130,775,2023-02-08,2075.01
3131,775,2023-07-04,2564.69
3132,775,2023-09-22,2430.03
3133,775,2023-10-05,1707.95
3134,775,2023-09-26,3346.31
3135,775,2023-09-10,2323.99
3136,775,2023-10-23,1753.18
3137,775,2023-06-29,1492.44
3138,775,2023-10-16,1439.72
3139,775,2023-11-02,1606.69
3140,776,2023-08-08,1602.29
3141,776,2023-05-19,3158.24
3142,776,2023-10-18,1323.32
3143,776,2023-03-18,1696.43
3144,776,2023-06-08,1793.89
3145,776,2023-05-25,1707.12
3146,776,2023-11-08,2380.74
3147,776,2023-12-16,2477.67
3148,776,2023-11-20,1577.18
3149,776,2023-09-01,2516.57
3150,777,2023-02-05,379.39
3151,777,2023-03-06,762.28
3152,778,2023-02-27,485.61
3153,778,2023-09-29,424.44
3154,779,2023-04-16,1527.09
3155,779,2023-09-30,1467.2
3156,779,2023-09-25,1925.92
3157,779,2023-10-02,1910.5
3158,779,2023-04-27,1958.31
3159,779,2023-04-14,1239.92
3160,779,2023-04-25,2141.06
3161,779,2023-11-09,2323.74
3162,780,2022-11-08,455.54
3163,780,2022-11-11,385.81
3164,781,2023-03-19,178.72
3165,782,2023-04-28,1030.33
3166,782,2023-04-17,1718.69
3167,782,2023-05-06,1128.73
3168,782,2023-07-26,1817.3
3169,782,2023-09-01,2383.0
3170,782,2023-03-28,1614.68
3171,783,2023-09-30,1147.46
3172,783,2023-06-17,1752.31
3173,783,2023-10-17,2475.21
3174,783,2023-10-05,569.54
3175,783,2023-02-27,1609.09
3176,783,2023-03-04,1711.69
3177,783,2023-03-02,3213.61
3178,783,2023-02-07,1355.49
3179,783,2023-06-19,2696.3
3180,783,2023-06-26,1694.49
3181,783,2023-09-13,2599.09
3182,784,2023-01-25,444.24
3183,784,2023-09-14,186.65
3184,784,2023-05-27,850.88
3185,785,2023-05-02,667.97
3186,786,2023-03-03,779.82
3187,787,2023-08-30,2016.21
3188,787,2023-04-13,2026.18
3189,787,2023-04-10,2258.13
3190,787,2023-08-31,1524.03
3191,787,2023-11-18,2348.75
3192,787,2023-08-09,1190.34
3193,787,2023-05-11,2157.88
3194,787,2023-06-06,2143.88
3195,787,2023-12-07,2706.94
3196,787,2023-06-13,1858.59
3197,788,2023-12-16,1226.84
3198,788,2023-04-14,1145.51
3199,789,2023-08-09,2727.21
3200,789,2023-09-20,1278.9
3201,789,2023-04-10,1660.25
3202,789,2023-11-25,1262.84
3203,789,2023-04-22,2121.08
3204,789,2023-05-05,1618.43
3205,789,2023-03-04,1792.36
3206,789,2023-10-09,2594.86
3207,789,2023-10-12,1098.35
3208,790,2023-09-11,1162.91
3209,790,2023-02-10,1346.65
3210,790,2023-09-15,2662.87
3211,790,2023-03-26,1876.27
3212,790,2023-02-26,1349.64
3213,790,2023-12-01,2020.33
3214,790,2023-03-23,2271.83
3215,790,2023-09-04,2362.04
3216,790,2023-10-05,2008.48
3217,791,2023-04-17,3186.39
3218,791,2023-06-15,1736.14
3219,791,2023-02-25,1161.03
3220,791,2023-04-28,2867.34
3221,791,2023-03-01,2005.29
3222,791,2023-05-04,1980.63
3223,791,2023-08-02,1310.34
3224,791,2023-12-03,2991.93
3225,791,2023-10-26,950.6
3226,791,2023-11-02,1147.16
3227,792,2023-02-25,516.43
3228,792,2023-05-22,290.93
3229,792,2023-08-05,454.4
3230,793,2023-04-07,300.08
3231,794,2023-09-04,1429.52
3232,794,2023-08-20,1473.14
3233,794,2023-09-24,2085.19
3234,794,2023-07-23,1642.16
3235,794,2023-07-02,2135.32
3236,794,2023-11-12,2050.15
3237,794,2023-02-27,1724.7
3238,794,2023-11-09,1447.65
3239,794,2023-10-12,1562.06
3240,794,2023-02-17,2898.62
3241,794,2023-03-11,1820.51
3242,794,2023-02-07,2479.53
3243,794,2023-04-24,1096.32
3244,794,2023-09-18,229.57
3245,795,2023-07-24,398.65
3246,796,2023-04-28,270.41
3247,796,2023-04-17,280.6
3248,796,2023-03-19,328.69
3249,796,2023-11-21,266.47
3250,797,2023-09-14,841.72
3251,797,2023-06-01,306.14
3252,797,2023-09-06,729.74
3253,798,2023-05-02,928.9
3254,798,2023-06-19,571.08
3255,799,2023-08-13,491.75
3256,800,2023-08-13,1926.1
3257,800,2023-09-14,628.42
3258,800,2023-02-23,1839.15
3259,800,2023-08-30,1046.23
